instance_id,frame,image_name,x,y
0,5853,img_05853.jpg,2166.27880859375,2013.320068359375
0,5854,img_05854.jpg,2165.5732421875,1960.862060546875
0,5856,img_05856.jpg,2166.56494140625,1851.4228515625
0,5857,img_05857.jpg,2166.58154296875,1793.8956298828125
0,5859,img_05859.jpg,2165.769775390625,1684.302490234375
0,5860,img_05860.jpg,2164.0537109375,1627.2030029296875
0,5862,img_05862.jpg,2160.806640625,1520.36572265625
0,5863,img_05863.jpg,2159.342529296875,1462.6807861328125
0,5865,img_05865.jpg,2150.612548828125,1352.923583984375
0,5866,img_05866.jpg,2146.81689453125,1301.352294921875
0,5868,img_05868.jpg,2138.010986328125,1216.73193359375
0,5869,img_05869.jpg,2134.407470703125,1189.58935546875
0,5871,img_05871.jpg,2118.691162109375,1160.2752685546875
0,5872,img_05872.jpg,2108.247314453125,1149.59326171875
0,5874,img_05874.jpg,2089.614501953125,1142.745361328125
0,5875,img_05875.jpg,2076.806396484375,1142.717041015625
0,5877,img_05877.jpg,2053.36865234375,1137.40625
0,5878,img_05878.jpg,2043.399169921875,1136.03369140625
0,5880,img_05880.jpg,2021.415283203125,1135.403564453125
0,5881,img_05881.jpg,2008.6497802734375,1130.712890625
0,5883,img_05883.jpg,1988.994140625,1127.530517578125
0,5884,img_05884.jpg,1979.9278564453125,1132.1810302734375
0,5886,img_05886.jpg,1963.510009765625,1128.95703125
0,5887,img_05887.jpg,1954.2418212890625,1124.875732421875
0,5889,img_05889.jpg,1943.994140625,1125.118896484375
0,5890,img_05890.jpg,1936.7186279296875,1131.4443359375
0,5892,img_05892.jpg,1923.0853271484375,1128.796142578125
0,5893,img_05893.jpg,1910.718994140625,1127.40576171875
0,5895,img_05895.jpg,1897.96533203125,1121.2723388671875
0,5896,img_05896.jpg,1887.76416015625,1122.43994140625
0,5898,img_05898.jpg,1877.2218017578125,1119.229736328125
0,5899,img_05899.jpg,1868.220703125,1116.0418701171875
0,5901,img_05901.jpg,1856.091064453125,1109.097900390625
0,5902,img_05902.jpg,1850.8310546875,1106.6368408203125
0,5904,img_05904.jpg,1833.5218505859375,1102.6080322265625
0,5905,img_05905.jpg,1831.48681640625,1100.333251953125
0,5907,img_05907.jpg,1810.9189453125,1095.37744140625
0,5908,img_05908.jpg,1804.85888671875,1093.680908203125
0,5910,img_05910.jpg,1787.499755859375,1097.737060546875
0,5911,img_05911.jpg,1778.23046875,1099.441162109375
0,5913,img_05913.jpg,1756.625,1104.487060546875
0,5914,img_05914.jpg,1740.2442626953125,1109.083251953125
0,5916,img_05916.jpg,1716.3848876953125,1108.6741943359375
0,5917,img_05917.jpg,1705.8603515625,1110.8995361328125
0,5919,img_05919.jpg,1672.362060546875,1109.119384765625
0,5920,img_05920.jpg,1658.86279296875,1109.56591796875
0,5922,img_05922.jpg,1619.06494140625,1107.7279052734375
0,5923,img_05923.jpg,1596.2581787109375,1111.662109375
0,5925,img_05925.jpg,1547.73828125,1109.503173828125
0,5926,img_05926.jpg,1521.205810546875,1106.482421875
0,5928,img_05928.jpg,1451.319091796875,1105.0379638671875
0,5929,img_05929.jpg,1410.6015625,1102.7335205078125
0,5931,img_05931.jpg,1313.0650634765625,1100.9110107421875
0,5932,img_05932.jpg,1259.4766845703125,1101.13037109375
0,5934,img_05934.jpg,1131.21337890625,1096.0526123046875
0,5935,img_05935.jpg,1064.4395751953125,1096.924072265625
0,5937,img_05937.jpg,911.2684936523438,1096.2818603515625
0,5938,img_05938.jpg,828.8596801757812,1095.05859375
0,5940,img_05940.jpg,658.6272583007812,1090.49658203125
0,5941,img_05941.jpg,569.4951782226562,1088.91064453125
0,5943,img_05943.jpg,377.18109130859375,1083.52099609375
0,5944,img_05944.jpg,276.7527770996094,1079.6754150390625
0,5946,img_05946.jpg,59.02229690551758,1074.0821533203125
1,5853,img_05853.jpg,2161.830078125,564.7802124023438
1,5854,img_05854.jpg,2165.5537109375,512.099365234375
1,5856,img_05856.jpg,2165.57666015625,406.1201171875
1,5857,img_05857.jpg,2163.00732421875,346.475341796875
1,5859,img_05859.jpg,2160.1220703125,237.55453491210938
1,5860,img_05860.jpg,2157.09912109375,183.03392028808594
1,5862,img_05862.jpg,2165.73291015625,84.06342315673828
1,5863,img_05863.jpg,2176.830810546875,59.913448333740234
2,6096,img_06096.jpg,3785.83544921875,1061.4990234375
2,6097,img_06097.jpg,3774.88427734375,1056.4417724609375
2,6099,img_06099.jpg,3721.626708984375,1046.818603515625
2,6100,img_06100.jpg,3702.18798828125,1053.813232421875
2,6102,img_06102.jpg,3655.96728515625,1059.4268798828125
2,6103,img_06103.jpg,3628.71337890625,1061.3515625
2,6105,img_06105.jpg,3579.853271484375,1064.840576171875
2,6106,img_06106.jpg,3555.09326171875,1065.39501953125
2,6108,img_06108.jpg,3499.02392578125,1064.5345458984375
2,6109,img_06109.jpg,3474.884765625,1063.7890625
2,6111,img_06111.jpg,3418.086181640625,1059.2984619140625
2,6112,img_06112.jpg,3386.93310546875,1057.7396240234375
2,6114,img_06114.jpg,3325.390869140625,1053.264892578125
2,6115,img_06115.jpg,3291.081298828125,1051.5069580078125
2,6117,img_06117.jpg,3221.751708984375,1051.021240234375
2,6118,img_06118.jpg,3183.1044921875,1049.566650390625
2,6120,img_06120.jpg,3103.0068359375,1048.245361328125
2,6121,img_06121.jpg,3065.0068359375,1051.4591064453125
2,6123,img_06123.jpg,2984.37841796875,1052.58203125
2,6124,img_06124.jpg,2941.0205078125,1052.87060546875
2,6126,img_06126.jpg,2856.504150390625,1051.100341796875
2,6127,img_06127.jpg,2814.0400390625,1053.227294921875
2,6129,img_06129.jpg,2726.503662109375,1054.197021484375
2,6130,img_06130.jpg,2687.224853515625,1051.741943359375
2,6132,img_06132.jpg,2599.89501953125,1047.552734375
2,6133,img_06133.jpg,2555.4794921875,1045.782470703125
2,6135,img_06135.jpg,2466.931396484375,1044.36279296875
2,6136,img_06136.jpg,2421.9150390625,1043.53125
2,6138,img_06138.jpg,2333.4638671875,1041.6024169921875
2,6139,img_06139.jpg,2287.3984375,1038.776123046875
2,6141,img_06141.jpg,2196.6884765625,1035.974853515625
2,6142,img_06142.jpg,2151.56591796875,1036.375244140625
2,6144,img_06144.jpg,2058.0185546875,1035.912353515625
2,6145,img_06145.jpg,2014.7420654296875,1034.872314453125
2,6147,img_06147.jpg,1923.423583984375,1027.47705078125
2,6148,img_06148.jpg,1877.5244140625,1026.406005859375
2,6150,img_06150.jpg,1788.24951171875,1028.205078125
2,6151,img_06151.jpg,1743.904541015625,1030.9356689453125
2,6153,img_06153.jpg,1652.88134765625,1046.7283935546875
2,6154,img_06154.jpg,1601.7041015625,1056.05810546875
2,6156,img_06156.jpg,1518.7264404296875,1082.0787353515625
2,6157,img_06157.jpg,1477.8267822265625,1088.586669921875
2,6159,img_06159.jpg,1397.9019775390625,1078.038818359375
2,6160,img_06160.jpg,1363.6761474609375,1075.34326171875
2,6162,img_06162.jpg,1289.296142578125,1065.0399169921875
2,6163,img_06163.jpg,1253.732177734375,1058.3856201171875
2,6165,img_06165.jpg,1193.3428955078125,1069.292724609375
2,6166,img_06166.jpg,1164.530029296875,1071.88916015625
2,6168,img_06168.jpg,1110.680419921875,1075.378662109375
2,6169,img_06169.jpg,1089.787841796875,1075.682861328125
2,6171,img_06171.jpg,1044.142822265625,1074.382568359375
2,6172,img_06172.jpg,1017.914794921875,1076.9462890625
2,6174,img_06174.jpg,983.2491455078125,1078.116455078125
2,6175,img_06175.jpg,962.8138427734375,1073.3963623046875
2,6177,img_06177.jpg,936.560546875,1073.9661865234375
2,6178,img_06178.jpg,917.5367431640625,1071.8380126953125
2,6180,img_06180.jpg,899.6788330078125,1074.015869140625
2,6181,img_06181.jpg,889.5552978515625,1067.02099609375
2,6183,img_06183.jpg,869.7310180664062,1065.09619140625
2,6184,img_06184.jpg,865.6553955078125,1064.272705078125
2,6186,img_06186.jpg,858.7084350585938,1063.5469970703125
2,6187,img_06187.jpg,857.8048095703125,1063.701171875
2,6189,img_06189.jpg,854.346435546875,1065.416259765625
2,6190,img_06190.jpg,855.5086669921875,1072.92431640625
2,6192,img_06192.jpg,854.2222900390625,1073.57568359375
2,6193,img_06193.jpg,854.067138671875,1073.6214599609375
2,6195,img_06195.jpg,854.88818359375,1072.3184814453125
2,6196,img_06196.jpg,855.8780517578125,1071.4219970703125
2,6198,img_06198.jpg,858.39892578125,1063.3927001953125
2,6199,img_06199.jpg,860.44091796875,1062.73583984375
2,6201,img_06201.jpg,867.154541015625,1062.02978515625
2,6202,img_06202.jpg,871.114013671875,1061.705078125
2,6204,img_06204.jpg,880.0325927734375,1060.686767578125
2,6205,img_06205.jpg,882.7417602539062,1060.3685302734375
2,6207,img_06207.jpg,890.682861328125,1057.476318359375
2,6208,img_06208.jpg,894.8062133789062,1056.6983642578125
2,6210,img_06210.jpg,903.4136962890625,1053.3529052734375
2,6211,img_06211.jpg,909.425048828125,1048.74072265625
2,6213,img_06213.jpg,917.3984375,1045.365966796875
2,6214,img_06214.jpg,920.29541015625,1044.272705078125
2,6216,img_06216.jpg,933.121337890625,1043.5198974609375
2,6217,img_06217.jpg,940.57470703125,1043.449462890625
2,6219,img_06219.jpg,947.6907348632812,1040.077392578125
2,6220,img_06220.jpg,951.9065551757812,1039.9326171875
2,6222,img_06222.jpg,958.3450927734375,1036.9656982421875
2,6223,img_06223.jpg,959.2215576171875,1031.751953125
2,6225,img_06225.jpg,965.11962890625,1033.3851318359375
2,6226,img_06226.jpg,966.840087890625,1035.51025390625
2,6228,img_06228.jpg,971.8653564453125,1036.5015869140625
2,6229,img_06229.jpg,977.3589477539062,1036.9365234375
2,6231,img_06231.jpg,983.4193115234375,1036.5272216796875
2,6232,img_06232.jpg,987.576416015625,1037.061767578125
2,6234,img_06234.jpg,994.889404296875,1038.111083984375
2,6235,img_06235.jpg,996.8871459960938,1037.00146484375
2,6237,img_06237.jpg,1000.8460693359375,1036.780029296875
2,6238,img_06238.jpg,1005.02001953125,1031.6259765625
2,6240,img_06240.jpg,1041.749755859375,1039.4547119140625
2,6241,img_06241.jpg,1060.999755859375,1036.232177734375
2,6243,img_06243.jpg,1112.112060546875,1039.981201171875
2,6244,img_06244.jpg,1132.7760009765625,1043.68994140625
2,6246,img_06246.jpg,1158.311279296875,1046.5291748046875
2,6247,img_06247.jpg,1162.4345703125,1048.460205078125
2,6249,img_06249.jpg,1171.8624267578125,1052.5057373046875
2,6250,img_06250.jpg,1178.0252685546875,1055.098388671875
2,6252,img_06252.jpg,1184.8612060546875,1058.564697265625
2,6253,img_06253.jpg,1190.5921630859375,1059.141357421875
2,6255,img_06255.jpg,1204.3111572265625,1054.6656494140625
2,6256,img_06256.jpg,1213.6953125,1056.0859375
2,6258,img_06258.jpg,1238.2176513671875,1057.66455078125
2,6259,img_06259.jpg,1256.98291015625,1054.07568359375
2,6261,img_06261.jpg,1311.45751953125,1051.135986328125
2,6262,img_06262.jpg,1339.955078125,1050.640869140625
2,6264,img_06264.jpg,1386.9180908203125,1039.878662109375
2,6265,img_06265.jpg,1399.065673828125,1028.470703125
2,6267,img_06267.jpg,1417.0361328125,1010.2696533203125
2,6268,img_06268.jpg,1422.5489501953125,1004.690673828125
2,6270,img_06270.jpg,1437.18115234375,992.3271484375
2,6271,img_06271.jpg,1443.5699462890625,982.2723388671875
2,6273,img_06273.jpg,1477.746337890625,981.82373046875
2,6274,img_06274.jpg,1490.8204345703125,972.0426635742188
2,6276,img_06276.jpg,1524.9188232421875,973.7901611328125
2,6277,img_06277.jpg,1534.6485595703125,966.5465087890625
2,6279,img_06279.jpg,1554.7998046875,965.4039916992188
2,6280,img_06280.jpg,1561.2843017578125,965.3704833984375
2,6282,img_06282.jpg,1572.38525390625,968.6943969726562
2,6283,img_06283.jpg,1581.0908203125,966.724609375
2,6285,img_06285.jpg,1624.931640625,970.6627807617188
2,6286,img_06286.jpg,1658.787353515625,978.4208984375
2,6288,img_06288.jpg,1730.25341796875,973.6202392578125
2,6289,img_06289.jpg,1764.639892578125,981.1219482421875
2,6291,img_06291.jpg,1808.365966796875,983.685302734375
2,6292,img_06292.jpg,1816.2705078125,983.1226806640625
2,6294,img_06294.jpg,1830.335205078125,981.906982421875
2,6295,img_06295.jpg,1843.168701171875,986.1795654296875
2,6297,img_06297.jpg,1883.0361328125,987.662109375
2,6298,img_06298.jpg,1907.8612060546875,991.291748046875
2,6300,img_06300.jpg,1930.4718017578125,990.5360107421875
2,6301,img_06301.jpg,1943.472412109375,991.548583984375
2,6303,img_06303.jpg,1951.53564453125,993.2382202148438
2,6304,img_06304.jpg,1954.22509765625,994.546875
2,6306,img_06306.jpg,1963.4072265625,995.1142578125
2,6307,img_06307.jpg,1966.691162109375,994.308349609375
2,6309,img_06309.jpg,1973.126708984375,989.1007690429688
2,6310,img_06310.jpg,1986.97900390625,989.503173828125
2,6312,img_06312.jpg,2034.0048828125,987.529541015625
2,6313,img_06313.jpg,2058.06982421875,988.9715576171875
2,6315,img_06315.jpg,2081.908203125,983.1353759765625
2,6316,img_06316.jpg,2089.789306640625,976.3568115234375
2,6318,img_06318.jpg,2097.251220703125,973.9365234375
2,6319,img_06319.jpg,2093.75,971.6200561523438
2,6321,img_06321.jpg,2088.02880859375,964.168212890625
2,6322,img_06322.jpg,2083.16357421875,963.2221069335938
2,6324,img_06324.jpg,2070.447509765625,963.9642333984375
2,6325,img_06325.jpg,2066.2158203125,964.293701171875
2,6327,img_06327.jpg,2056.551025390625,967.9722900390625
2,6328,img_06328.jpg,2049.32958984375,965.6255493164062
2,6330,img_06330.jpg,2023.9990234375,961.515380859375
2,6331,img_06331.jpg,2006.1177978515625,963.892822265625
3,6106,img_06106.jpg,3763.55517578125,1094.9560546875
3,6108,img_06108.jpg,3708.914794921875,1093.9364013671875
3,6109,img_06109.jpg,3682.66064453125,1089.3154296875
3,6111,img_06111.jpg,3629.095703125,1086.7733154296875
3,6112,img_06112.jpg,3599.0205078125,1088.832763671875
3,6114,img_06114.jpg,3537.753662109375,1083.190185546875
3,6115,img_06115.jpg,3508.248046875,1086.0147705078125
3,6117,img_06117.jpg,3440.920166015625,1081.2646484375
3,6118,img_06118.jpg,3405.277587890625,1084.022705078125
3,6120,img_06120.jpg,3331.58935546875,1082.8741455078125
3,6121,img_06121.jpg,3295.673583984375,1082.0450439453125
3,6123,img_06123.jpg,3218.49267578125,1087.6829833984375
3,6124,img_06124.jpg,3177.76318359375,1086.5264892578125
3,6126,img_06126.jpg,3101.55810546875,1084.5780029296875
3,6127,img_06127.jpg,3060.0283203125,1084.7623291015625
3,6129,img_06129.jpg,2978.997802734375,1087.0494384765625
3,6130,img_06130.jpg,2935.828125,1084.9473876953125
3,6132,img_06132.jpg,2853.40673828125,1081.87109375
3,6133,img_06133.jpg,2813.776611328125,1077.57763671875
3,6135,img_06135.jpg,2730.4375,1077.6070556640625
3,6136,img_06136.jpg,2688.38232421875,1076.423828125
3,6138,img_06138.jpg,2604.560546875,1073.1451416015625
3,6139,img_06139.jpg,2566.5576171875,1069.68994140625
3,6141,img_06141.jpg,2479.7998046875,1064.363037109375
3,6142,img_06142.jpg,2436.56884765625,1067.19921875
3,6144,img_06144.jpg,2351.244140625,1067.9822998046875
3,6145,img_06145.jpg,2309.644287109375,1066.82470703125
3,6147,img_06147.jpg,2228.013671875,1063.9056396484375
3,6148,img_06148.jpg,2186.228515625,1058.0673828125
3,6150,img_06150.jpg,2099.944580078125,1063.03857421875
3,6151,img_06151.jpg,2060.544677734375,1068.25732421875
3,6153,img_06153.jpg,1976.535400390625,1082.177001953125
3,6154,img_06154.jpg,1933.0111083984375,1091.7410888671875
3,6156,img_06156.jpg,1856.0357666015625,1113.864013671875
3,6157,img_06157.jpg,1818.2647705078125,1123.9659423828125
3,6159,img_06159.jpg,1745.507080078125,1110.1641845703125
3,6160,img_06160.jpg,1712.4393310546875,1104.6998291015625
3,6162,img_06162.jpg,1646.75634765625,1098.5941162109375
3,6163,img_06163.jpg,1619.402099609375,1096.7579345703125
3,6165,img_06165.jpg,1562.244873046875,1099.6787109375
3,6166,img_06166.jpg,1532.3209228515625,1105.7376708984375
3,6168,img_06168.jpg,1482.869384765625,1111.1690673828125
3,6169,img_06169.jpg,1461.710693359375,1108.44287109375
3,6171,img_06171.jpg,1421.37353515625,1108.980224609375
3,6172,img_06172.jpg,1398.513916015625,1108.988037109375
3,6174,img_06174.jpg,1368.921875,1106.4661865234375
3,6175,img_06175.jpg,1347.6690673828125,1109.170654296875
3,6177,img_06177.jpg,1321.9102783203125,1105.939697265625
3,6178,img_06178.jpg,1306.002197265625,1102.0909423828125
3,6180,img_06180.jpg,1288.82861328125,1106.01708984375
3,6181,img_06181.jpg,1281.7447509765625,1102.3662109375
3,6183,img_06183.jpg,1264.8309326171875,1098.1138916015625
3,6184,img_06184.jpg,1260.748291015625,1099.7076416015625
3,6186,img_06186.jpg,1256.7257080078125,1100.134521484375
3,6187,img_06187.jpg,1254.9715576171875,1099.9381103515625
3,6189,img_06189.jpg,1251.612548828125,1101.316162109375
3,6190,img_06190.jpg,1251.3140869140625,1103.19189453125
3,6192,img_06192.jpg,1249.5089111328125,1105.261474609375
3,6193,img_06193.jpg,1249.71630859375,1105.119873046875
3,6195,img_06195.jpg,1250.7857666015625,1102.476806640625
3,6196,img_06196.jpg,1251.09814453125,1101.6361083984375
3,6198,img_06198.jpg,1255.611572265625,1099.734619140625
3,6199,img_06199.jpg,1255.8067626953125,1098.482666015625
3,6201,img_06201.jpg,1261.431640625,1094.9136962890625
3,6202,img_06202.jpg,1266.426513671875,1093.091552734375
3,6204,img_06204.jpg,1278.8013916015625,1096.1171875
3,6205,img_06205.jpg,1280.638427734375,1095.20849609375
3,6207,img_06207.jpg,1289.017333984375,1094.73095703125
3,6208,img_06208.jpg,1292.41943359375,1090.7852783203125
3,6210,img_06210.jpg,1301.7481689453125,1087.3507080078125
3,6211,img_06211.jpg,1304.3427734375,1084.521728515625
3,6213,img_06213.jpg,1312.6502685546875,1080.3260498046875
3,6214,img_06214.jpg,1319.535888671875,1078.358642578125
3,6216,img_06216.jpg,1328.284423828125,1079.1036376953125
3,6217,img_06217.jpg,1331.9210205078125,1079.4862060546875
3,6219,img_06219.jpg,1337.852294921875,1076.366943359375
3,6220,img_06220.jpg,1341.890869140625,1075.4388427734375
3,6222,img_06222.jpg,1348.8369140625,1071.94873046875
3,6223,img_06223.jpg,1351.3031005859375,1070.646484375
3,6225,img_06225.jpg,1356.48681640625,1072.0787353515625
3,6226,img_06226.jpg,1358.878662109375,1074.628173828125
3,6228,img_06228.jpg,1363.823486328125,1072.5589599609375
3,6229,img_06229.jpg,1368.704345703125,1073.48095703125
3,6231,img_06231.jpg,1373.862060546875,1069.753173828125
3,6232,img_06232.jpg,1375.4744873046875,1068.56591796875
3,6234,img_06234.jpg,1381.741455078125,1071.05908203125
3,6235,img_06235.jpg,1384.2374267578125,1071.4554443359375
3,6237,img_06237.jpg,1387.396484375,1070.09326171875
3,6238,img_06238.jpg,1395.072998046875,1070.91064453125
3,6240,img_06240.jpg,1430.2647705078125,1076.111328125
3,6241,img_06241.jpg,1451.73193359375,1076.4581298828125
3,6243,img_06243.jpg,1501.99853515625,1078.46728515625
3,6244,img_06244.jpg,1523.6463623046875,1081.301025390625
3,6246,img_06246.jpg,1545.8690185546875,1082.745361328125
3,6247,img_06247.jpg,1553.2364501953125,1083.02978515625
3,6249,img_06249.jpg,1564.30615234375,1087.5771484375
3,6250,img_06250.jpg,1568.5184326171875,1090.514892578125
3,6252,img_06252.jpg,1575.1029052734375,1093.42431640625
3,6253,img_06253.jpg,1578.7994384765625,1092.1556396484375
3,6255,img_06255.jpg,1590.377197265625,1091.152099609375
3,6256,img_06256.jpg,1601.14794921875,1091.2161865234375
3,6258,img_06258.jpg,1626.4193115234375,1091.307373046875
3,6259,img_06259.jpg,1644.09375,1089.8951416015625
3,6261,img_06261.jpg,1699.836181640625,1086.0706787109375
3,6262,img_06262.jpg,1725.53125,1087.16015625
3,6264,img_06264.jpg,1768.629150390625,1077.657470703125
3,6265,img_06265.jpg,1780.244140625,1063.2412109375
3,6267,img_06267.jpg,1799.4898681640625,1045.766845703125
3,6268,img_06268.jpg,1809.234619140625,1041.746826171875
3,6270,img_06270.jpg,1817.791259765625,1031.4884033203125
3,6271,img_06271.jpg,1826.685546875,1027.2005615234375
3,6273,img_06273.jpg,1857.5767822265625,1015.84765625
3,6274,img_06274.jpg,1870.2198486328125,1013.7459716796875
3,6276,img_06276.jpg,1905.8880615234375,1007.0106811523438
3,6277,img_06277.jpg,1913.691650390625,1007.8695068359375
3,6279,img_06279.jpg,1933.2685546875,1005.0859375
3,6280,img_06280.jpg,1936.4483642578125,1000.6273193359375
3,6282,img_06282.jpg,1952.685302734375,1004.9100952148438
3,6283,img_06283.jpg,1961.052001953125,1005.169921875
3,6285,img_06285.jpg,2005.1920166015625,1008.14404296875
3,6286,img_06286.jpg,2033.6171875,1009.2324829101562
3,6288,img_06288.jpg,2108.97705078125,1014.6334228515625
3,6289,img_06289.jpg,2143.041748046875,1014.0247192382812
3,6291,img_06291.jpg,2183.56982421875,1013.7379150390625
3,6292,img_06292.jpg,2193.39892578125,1016.054443359375
3,6294,img_06294.jpg,2209.083984375,1024.91845703125
3,6295,img_06295.jpg,2219.673583984375,1025.1739501953125
3,6297,img_06297.jpg,2262.17333984375,1030.42724609375
3,6298,img_06298.jpg,2285.2841796875,1027.6773681640625
3,6300,img_06300.jpg,2309.73583984375,1033.141845703125
3,6301,img_06301.jpg,2316.562744140625,1031.255615234375
3,6303,img_06303.jpg,2330.92919921875,1027.967529296875
3,6304,img_06304.jpg,2335.078125,1031.2174072265625
3,6306,img_06306.jpg,2340.5126953125,1034.41455078125
3,6307,img_06307.jpg,2344.09765625,1034.8958740234375
3,6309,img_06309.jpg,2350.747802734375,1032.4091796875
3,6310,img_06310.jpg,2359.49755859375,1031.96630859375
3,6312,img_06312.jpg,2406.562255859375,1029.44580078125
3,6313,img_06313.jpg,2431.36279296875,1023.1532592773438
3,6315,img_06315.jpg,2453.205322265625,1022.6041259765625
3,6316,img_06316.jpg,2460.6982421875,1017.595703125
3,6318,img_06318.jpg,2463.552978515625,1006.9156494140625
3,6319,img_06319.jpg,2462.726318359375,1005.8299560546875
3,6321,img_06321.jpg,2460.326171875,1003.7200927734375
3,6322,img_06322.jpg,2453.5048828125,1001.64990234375
3,6324,img_06324.jpg,2443.384765625,1004.8367919921875
3,6325,img_06325.jpg,2440.377685546875,1006.7034301757812
3,6327,img_06327.jpg,2433.599609375,1003.3001708984375
3,6328,img_06328.jpg,2427.375,1001.8060302734375
3,6330,img_06330.jpg,2400.933349609375,1000.888916015625
3,6331,img_06331.jpg,2387.075439453125,1001.0406494140625
2,6807,img_06807.jpg,1629.426025390625,1256.0556640625
2,6808,img_06808.jpg,1639.18115234375,1256.246826171875
2,6810,img_06810.jpg,1662.9716796875,1253.81787109375
2,6811,img_06811.jpg,1676.2613525390625,1257.1878662109375
2,6813,img_06813.jpg,1696.801513671875,1290.285888671875
2,6814,img_06814.jpg,1704.09326171875,1301.76318359375
2,6816,img_06816.jpg,1722.027587890625,1368.89697265625
2,6817,img_06817.jpg,1729.7625732421875,1412.889892578125
2,6819,img_06819.jpg,1744.0947265625,1521.127197265625
2,6820,img_06820.jpg,1751.21875,1580.41357421875
2,6822,img_06822.jpg,1764.65283203125,1725.550537109375
2,6823,img_06823.jpg,1767.420654296875,1801.52197265625
2,6825,img_06825.jpg,1770.761474609375,1955.663330078125
2,6826,img_06826.jpg,1775.63916015625,2037.1248779296875
3,6807,img_06807.jpg,2311.996826171875,1289.4600830078125
3,6808,img_06808.jpg,2322.08447265625,1286.230712890625
3,6810,img_06810.jpg,2342.13232421875,1286.1455078125
3,6811,img_06811.jpg,2341.862060546875,1297.569580078125
3,6813,img_06813.jpg,2375.5478515625,1319.6295166015625
3,6814,img_06814.jpg,2382.531494140625,1333.380126953125
3,6816,img_06816.jpg,2394.646484375,1400.9539794921875
3,6817,img_06817.jpg,2399.8369140625,1438.4385986328125
3,6819,img_06819.jpg,2416.70703125,1546.113037109375
3,6820,img_06820.jpg,2423.6533203125,1604.905029296875
3,6822,img_06822.jpg,2428.22900390625,1739.900390625
3,6823,img_06823.jpg,2436.745849609375,1807.40771484375
3,6825,img_06825.jpg,2438.15673828125,1957.3701171875
3,6826,img_06826.jpg,2444.80859375,2036.226318359375
6,6937,img_06937.jpg,2170.208984375,453.4823913574219
7,6945,img_06945.jpg,1513.990966796875,700.0335693359375
8,7257,img_07257.jpg,2872.13037109375,51.838199615478516
8,7258,img_07258.jpg,2863.767578125,82.38402557373047
8,7260,img_07260.jpg,2859.173828125,154.6930389404297
8,7261,img_07261.jpg,2856.546630859375,188.50933837890625
8,7263,img_07263.jpg,2855.415771484375,248.0251922607422
8,7264,img_07264.jpg,2853.285888671875,278.43646240234375
8,7266,img_07266.jpg,2848.57373046875,328.43231201171875
8,7267,img_07267.jpg,2848.48828125,355.37298583984375
8,7269,img_07269.jpg,2842.05322265625,409.2203369140625
8,7270,img_07270.jpg,2838.432373046875,432.590576171875
8,7272,img_07272.jpg,2835.58740234375,478.91180419921875
8,7273,img_07273.jpg,2837.2802734375,500.16595458984375
8,7275,img_07275.jpg,2831.9521484375,534.2646484375
8,7276,img_07276.jpg,2838.1650390625,554.1799926757812
8,7278,img_07278.jpg,2829.8642578125,579.5678100585938
8,7279,img_07279.jpg,2835.338134765625,597.2518310546875
8,7281,img_07281.jpg,2827.5244140625,624.815673828125
8,7282,img_07282.jpg,2835.906982421875,642.991455078125
8,7284,img_07284.jpg,2836.127197265625,674.1094970703125
8,7285,img_07285.jpg,2839.83154296875,690.6260986328125
8,7287,img_07287.jpg,2843.7109375,708.3760986328125
8,7288,img_07288.jpg,2843.304931640625,711.93603515625
8,7290,img_07290.jpg,2840.519287109375,716.216064453125
8,7291,img_07291.jpg,2838.995849609375,717.710205078125
8,7293,img_07293.jpg,2828.603515625,718.1292114257812
8,7294,img_07294.jpg,2827.2177734375,719.6964111328125
8,7296,img_07296.jpg,2824.218505859375,722.5391845703125
8,7297,img_07297.jpg,2826.3134765625,727.743408203125
8,7299,img_07299.jpg,2820.923828125,731.2820434570312
8,7300,img_07300.jpg,2818.22607421875,731.8207397460938
8,7302,img_07302.jpg,2811.80810546875,735.4290771484375
8,7303,img_07303.jpg,2806.75634765625,734.6372680664062
8,7305,img_07305.jpg,2796.31103515625,734.97802734375
8,7306,img_07306.jpg,2791.46630859375,736.15966796875
8,7308,img_07308.jpg,2784.49658203125,739.1865234375
8,7309,img_07309.jpg,2779.779296875,739.9249877929688
8,7311,img_07311.jpg,2765.30908203125,728.1831665039062
8,7312,img_07312.jpg,2754.836669921875,723.0199584960938
8,7314,img_07314.jpg,2733.61572265625,718.2727661132812
8,7315,img_07315.jpg,2718.3525390625,718.568115234375
8,7317,img_07317.jpg,2682.448486328125,724.6224365234375
8,7318,img_07318.jpg,2670.5615234375,734.7406005859375
8,7320,img_07320.jpg,2635.38232421875,757.157470703125
8,7321,img_07321.jpg,2611.85595703125,760.981689453125
8,7323,img_07323.jpg,2573.19482421875,771.4334106445312
8,7324,img_07324.jpg,2552.68994140625,774.2738037109375
8,7326,img_07326.jpg,2513.739013671875,772.412841796875
8,7327,img_07327.jpg,2489.30078125,768.096923828125
8,7329,img_07329.jpg,2456.95263671875,761.2296752929688
8,7330,img_07330.jpg,2436.69482421875,761.0348510742188
8,7332,img_07332.jpg,2395.93603515625,762.8838500976562
8,7333,img_07333.jpg,2371.313232421875,762.6925048828125
8,7335,img_07335.jpg,2331.4345703125,780.7527465820312
8,7336,img_07336.jpg,2309.087890625,788.8123168945312
8,7338,img_07338.jpg,2266.81103515625,805.5615234375
8,7339,img_07339.jpg,2244.325439453125,809.42919921875
8,7341,img_07341.jpg,2200.4873046875,808.9478759765625
8,7342,img_07342.jpg,2177.697265625,804.129638671875
8,7344,img_07344.jpg,2132.75146484375,798.41015625
8,7345,img_07345.jpg,2111.027099609375,793.4562377929688
8,7347,img_07347.jpg,2070.97314453125,790.7657470703125
8,7348,img_07348.jpg,2054.414306640625,789.6728515625
8,7350,img_07350.jpg,2018.1976318359375,794.0064697265625
8,7351,img_07351.jpg,2003.859619140625,797.4094848632812
8,7353,img_07353.jpg,1972.7904052734375,792.5930786132812
8,7354,img_07354.jpg,1960.9346923828125,789.5947265625
8,7356,img_07356.jpg,1937.412353515625,779.5152587890625
8,7357,img_07357.jpg,1922.614990234375,777.7039794921875
8,7359,img_07359.jpg,1909.6087646484375,770.6211547851562
8,7360,img_07360.jpg,1905.404296875,772.4140625
8,7362,img_07362.jpg,1898.8919677734375,772.5941162109375
8,7363,img_07363.jpg,1895.904052734375,774.9293212890625
8,7365,img_07365.jpg,1892.8590087890625,784.1688232421875
8,7366,img_07366.jpg,1886.7615966796875,792.032470703125
8,7368,img_07368.jpg,1886.45849609375,785.5314331054688
8,7369,img_07369.jpg,1885.4130859375,780.9754028320312
8,7371,img_07371.jpg,1883.2841796875,772.17724609375
8,7372,img_07372.jpg,1875.7802734375,773.1781005859375
8,7374,img_07374.jpg,1875.4434814453125,770.128173828125
8,7375,img_07375.jpg,1875.1666259765625,768.4764404296875
8,7377,img_07377.jpg,1870.903564453125,764.9537353515625
8,7378,img_07378.jpg,1869.705810546875,765.298828125
8,7380,img_07380.jpg,1862.067626953125,767.58349609375
8,7381,img_07381.jpg,1860.84130859375,772.6452026367188
8,7383,img_07383.jpg,1850.69189453125,769.7294311523438
8,7384,img_07384.jpg,1842.995849609375,767.9437255859375
8,7386,img_07386.jpg,1827.283447265625,760.0504760742188
8,7387,img_07387.jpg,1832.673583984375,758.254638671875
8,7389,img_07389.jpg,1824.054443359375,744.2471923828125
8,7390,img_07390.jpg,1821.982177734375,740.2103271484375
8,7392,img_07392.jpg,1814.295166015625,730.756103515625
8,7393,img_07393.jpg,1813.192138671875,723.94189453125
8,7395,img_07395.jpg,1814.975830078125,719.3104248046875
8,7396,img_07396.jpg,1815.5394287109375,717.475830078125
8,7398,img_07398.jpg,1816.849853515625,715.4007568359375
8,7399,img_07399.jpg,1817.754638671875,713.4473876953125
8,7401,img_07401.jpg,1829.1588134765625,715.0281982421875
8,7402,img_07402.jpg,1829.536376953125,713.8314208984375
8,7404,img_07404.jpg,1829.4217529296875,711.7330322265625
8,7405,img_07405.jpg,1828.337646484375,710.6753540039062
8,7407,img_07407.jpg,1828.830322265625,707.9602661132812
8,7408,img_07408.jpg,1830.69189453125,705.911376953125
8,7410,img_07410.jpg,1832.3447265625,700.678466796875
8,7411,img_07411.jpg,1832.753173828125,697.8330078125
8,7413,img_07413.jpg,1838.0203857421875,680.3959350585938
8,7414,img_07414.jpg,1836.211181640625,679.0455932617188
8,7416,img_07416.jpg,1840.7332763671875,673.8817138671875
8,7417,img_07417.jpg,1839.896728515625,670.310791015625
8,7419,img_07419.jpg,1833.5145263671875,665.0810546875
8,7420,img_07420.jpg,1837.899169921875,660.669677734375
8,7422,img_07422.jpg,1832.74462890625,654.376220703125
8,7423,img_07423.jpg,1828.569580078125,641.5623779296875
8,7425,img_07425.jpg,1820.760498046875,628.6024169921875
8,7426,img_07426.jpg,1819.5875244140625,623.1046752929688
8,7428,img_07428.jpg,1818.869873046875,621.61767578125
8,7429,img_07429.jpg,1819.452392578125,624.1978759765625
8,7431,img_07431.jpg,1819.3319091796875,630.4481811523438
8,7432,img_07432.jpg,1819.469970703125,634.0595092773438
8,7434,img_07434.jpg,1823.8232421875,637.3950805664062
8,7435,img_07435.jpg,1823.7425537109375,637.9091796875
8,7437,img_07437.jpg,1819.8321533203125,636.72216796875
8,7438,img_07438.jpg,1820.952880859375,635.9427490234375
8,7440,img_07440.jpg,1823.0928955078125,631.5046997070312
8,7441,img_07441.jpg,1826.79345703125,629.1119384765625
8,7443,img_07443.jpg,1841.597900390625,623.6796875
8,7444,img_07444.jpg,1845.371337890625,618.5856323242188
8,7446,img_07446.jpg,1851.96240234375,612.0704345703125
8,7447,img_07447.jpg,1859.12255859375,611.0614624023438
8,7449,img_07449.jpg,1870.5791015625,598.8004150390625
8,7450,img_07450.jpg,1874.5078125,597.8989868164062
8,7452,img_07452.jpg,1887.28515625,595.0966796875
8,7453,img_07453.jpg,1899.02197265625,595.8067626953125
8,7455,img_07455.jpg,1912.09423828125,594.73291015625
8,7456,img_07456.jpg,1921.1165771484375,596.5213623046875
8,7458,img_07458.jpg,1940.168701171875,591.955078125
8,7459,img_07459.jpg,1949.23828125,590.1927490234375
8,7461,img_07461.jpg,1957.301513671875,589.4625244140625
8,7462,img_07462.jpg,1963.8175048828125,589.7872314453125
8,7464,img_07464.jpg,1971.901123046875,594.8260498046875
8,7465,img_07465.jpg,1973.792724609375,595.5838623046875
8,7467,img_07467.jpg,1975.9345703125,598.71923828125
8,7468,img_07468.jpg,1975.671142578125,599.0690307617188
8,7470,img_07470.jpg,1972.03173828125,598.5631103515625
8,7471,img_07471.jpg,1969.8453369140625,598.7876586914062
8,7473,img_07473.jpg,1961.4202880859375,594.70703125
8,7474,img_07474.jpg,1956.7694091796875,593.2171630859375
8,7476,img_07476.jpg,1936.7750244140625,595.866455078125
8,7477,img_07477.jpg,1922.29248046875,596.61474609375
8,7479,img_07479.jpg,1901.68310546875,596.587158203125
8,7480,img_07480.jpg,1888.427490234375,599.7218017578125
8,7482,img_07482.jpg,1867.8681640625,597.0284423828125
8,7483,img_07483.jpg,1862.72802734375,600.8572998046875
8,7485,img_07485.jpg,1852.7149658203125,605.9307861328125
8,7486,img_07486.jpg,1852.46044921875,606.8995361328125
8,7488,img_07488.jpg,1858.824951171875,611.3905029296875
8,7489,img_07489.jpg,1862.910888671875,612.68017578125
8,7491,img_07491.jpg,1874.6898193359375,613.6541137695312
8,7492,img_07492.jpg,1883.74853515625,616.600341796875
8,7494,img_07494.jpg,1899.51318359375,614.0816040039062
8,7495,img_07495.jpg,1909.074462890625,615.4705810546875
8,7497,img_07497.jpg,1934.542724609375,620.0120849609375
8,7498,img_07498.jpg,1943.341552734375,615.3514404296875
8,7500,img_07500.jpg,1962.895751953125,621.2691650390625
8,7501,img_07501.jpg,1973.792236328125,626.9955444335938
8,7503,img_07503.jpg,1997.3427734375,630.8685913085938
8,7504,img_07504.jpg,2001.7972412109375,628.6058959960938
8,7506,img_07506.jpg,2016.092529296875,634.4312744140625
8,7507,img_07507.jpg,2027.4232177734375,634.5435791015625
8,7509,img_07509.jpg,2047.42041015625,632.7565307617188
8,7510,img_07510.jpg,2052.074462890625,634.7732543945312
8,7512,img_07512.jpg,2061.66162109375,639.015869140625
8,7513,img_07513.jpg,2065.985107421875,637.3148193359375
8,7515,img_07515.jpg,2083.79345703125,635.1854248046875
8,7516,img_07516.jpg,2094.42822265625,634.8004150390625
8,7518,img_07518.jpg,2109.965087890625,639.0100708007812
8,7519,img_07519.jpg,2117.012451171875,638.7149658203125
8,7521,img_07521.jpg,2139.643798828125,631.6438598632812
8,7522,img_07522.jpg,2147.431884765625,633.2987060546875
8,7524,img_07524.jpg,2163.013671875,631.4974975585938
8,7525,img_07525.jpg,2168.558349609375,629.3663330078125
8,7527,img_07527.jpg,2184.2890625,621.26513671875
8,7528,img_07528.jpg,2187.63037109375,618.997314453125
8,7530,img_07530.jpg,2198.6640625,623.5819702148438
8,7531,img_07531.jpg,2202.480224609375,623.61572265625
8,7533,img_07533.jpg,2209.63916015625,626.5169677734375
8,7534,img_07534.jpg,2213.9189453125,626.3206787109375
8,7536,img_07536.jpg,2218.701416015625,622.5191650390625
8,7537,img_07537.jpg,2218.6982421875,622.7213745117188
8,7539,img_07539.jpg,2218.743408203125,621.8922119140625
8,7540,img_07540.jpg,2217.29345703125,622.1631469726562
8,7542,img_07542.jpg,2214.50927734375,625.6767578125
8,7543,img_07543.jpg,2211.11669921875,628.8496704101562
8,7545,img_07545.jpg,2209.76123046875,635.6932373046875
8,7546,img_07546.jpg,2205.4853515625,646.7071533203125
8,7548,img_07548.jpg,2200.9873046875,660.8801879882812
8,7549,img_07549.jpg,2200.609375,663.8680419921875
8,7551,img_07551.jpg,2196.1484375,673.2844848632812
8,7552,img_07552.jpg,2192.905517578125,675.9192504882812
8,7554,img_07554.jpg,2177.977294921875,680.552490234375
8,7555,img_07555.jpg,2170.7880859375,680.2079467773438
8,7557,img_07557.jpg,2157.020751953125,691.3463134765625
8,7558,img_07558.jpg,2150.552978515625,688.3997192382812
8,7560,img_07560.jpg,2125.046875,695.2850341796875
8,7561,img_07561.jpg,2110.339599609375,697.916015625
8,7563,img_07563.jpg,2074.808349609375,699.3406982421875
8,7564,img_07564.jpg,2056.37158203125,699.233642578125
8,7566,img_07566.jpg,2008.8681640625,699.732177734375
8,7567,img_07567.jpg,1978.0653076171875,697.82080078125
8,7569,img_07569.jpg,1922.653564453125,689.5943603515625
8,7570,img_07570.jpg,1896.965576171875,682.4395141601562
8,7572,img_07572.jpg,1841.070556640625,670.78955078125
8,7573,img_07573.jpg,1820.806884765625,673.9901123046875
8,7575,img_07575.jpg,1774.612060546875,671.775146484375
8,7576,img_07576.jpg,1751.73486328125,669.4432983398438
8,7578,img_07578.jpg,1714.53076171875,676.406494140625
8,7579,img_07579.jpg,1701.340576171875,673.3696899414062
8,7581,img_07581.jpg,1676.445068359375,676.041015625
8,7582,img_07582.jpg,1663.6768798828125,677.543701171875
8,7584,img_07584.jpg,1650.0078125,677.486328125
8,7585,img_07585.jpg,1643.53076171875,679.39599609375
8,7587,img_07587.jpg,1639.966064453125,679.83154296875
8,7588,img_07588.jpg,1639.1187744140625,678.46044921875
8,7590,img_07590.jpg,1643.18359375,675.7568359375
8,7591,img_07591.jpg,1647.0545654296875,674.73291015625
8,7593,img_07593.jpg,1653.4376220703125,674.3750610351562
8,7594,img_07594.jpg,1655.086669921875,672.3568115234375
8,7596,img_07596.jpg,1659.7744140625,665.9318237304688
8,7597,img_07597.jpg,1663.33056640625,666.6639404296875
8,7599,img_07599.jpg,1668.067138671875,668.8861083984375
8,7600,img_07600.jpg,1670.313720703125,670.1201782226562
8,7602,img_07602.jpg,1672.764404296875,669.8684692382812
8,7603,img_07603.jpg,1674.4456787109375,669.2385864257812
8,7605,img_07605.jpg,1679.972412109375,666.7103271484375
8,7606,img_07606.jpg,1684.429443359375,664.88671875
8,7608,img_07608.jpg,1687.2271728515625,653.30322265625
8,7609,img_07609.jpg,1690.19287109375,648.37353515625
8,7611,img_07611.jpg,1701.9107666015625,647.2769775390625
8,7612,img_07612.jpg,1707.867919921875,641.1139526367188
8,7614,img_07614.jpg,1717.918701171875,638.889892578125
8,7615,img_07615.jpg,1723.1905517578125,639.7269897460938
8,7617,img_07617.jpg,1733.2906494140625,638.018310546875
8,7618,img_07618.jpg,1737.50537109375,635.8543701171875
8,7620,img_07620.jpg,1753.2744140625,635.3839111328125
8,7621,img_07621.jpg,1761.3782958984375,634.4555053710938
8,7623,img_07623.jpg,1772.968505859375,639.48828125
8,7624,img_07624.jpg,1779.092041015625,641.7512817382812
8,7626,img_07626.jpg,1787.615966796875,644.2999267578125
8,7627,img_07627.jpg,1793.65380859375,649.521728515625
8,7629,img_07629.jpg,1804.3150634765625,651.61181640625
8,7630,img_07630.jpg,1804.2813720703125,653.29931640625
8,7632,img_07632.jpg,1816.564208984375,651.8021240234375
8,7633,img_07633.jpg,1818.46533203125,647.34033203125
8,7635,img_07635.jpg,1821.705078125,639.2982177734375
8,7636,img_07636.jpg,1822.46875,635.0421142578125
8,7638,img_07638.jpg,1818.2109375,628.6510009765625
8,7639,img_07639.jpg,1814.6700439453125,624.1258544921875
8,7641,img_07641.jpg,1806.85986328125,618.2526245117188
8,7642,img_07642.jpg,1804.116455078125,613.4530029296875
8,7644,img_07644.jpg,1801.90185546875,608.556640625
8,7645,img_07645.jpg,1801.2548828125,606.898193359375
8,7647,img_07647.jpg,1803.23046875,601.033935546875
8,7648,img_07648.jpg,1806.33251953125,595.0966796875
8,7650,img_07650.jpg,1807.14306640625,592.4573974609375
8,7651,img_07651.jpg,1809.271728515625,586.3253173828125
8,7653,img_07653.jpg,1807.310546875,584.685791015625
8,7654,img_07654.jpg,1805.598388671875,581.0911865234375
8,7656,img_07656.jpg,1794.885986328125,571.3838500976562
8,7657,img_07657.jpg,1784.306396484375,570.5538330078125
8,7659,img_07659.jpg,1760.4276123046875,567.8546142578125
8,7660,img_07660.jpg,1747.907958984375,567.0563354492188
8,7662,img_07662.jpg,1719.6142578125,576.2247924804688
8,7663,img_07663.jpg,1711.506103515625,577.630126953125
8,7665,img_07665.jpg,1679.9124755859375,581.8510131835938
8,7666,img_07666.jpg,1669.87451171875,579.8489990234375
8,7668,img_07668.jpg,1649.9805908203125,582.2319946289062
8,7669,img_07669.jpg,1637.5029296875,586.7125854492188
8,7671,img_07671.jpg,1626.4705810546875,592.1984252929688
8,7672,img_07672.jpg,1622.32080078125,594.007080078125
8,7674,img_07674.jpg,1608.7093505859375,607.596923828125
8,7675,img_07675.jpg,1597.55224609375,615.4320678710938
8,7677,img_07677.jpg,1585.9449462890625,626.79736328125
8,7678,img_07678.jpg,1582.16064453125,628.8577270507812
8,7680,img_07680.jpg,1578.0419921875,632.372802734375
8,7681,img_07681.jpg,1576.4044189453125,634.0066528320312
8,7683,img_07683.jpg,1579.456787109375,636.9940795898438
8,7684,img_07684.jpg,1574.5439453125,638.6701049804688
8,7686,img_07686.jpg,1574.23486328125,642.1583251953125
8,7687,img_07687.jpg,1573.7918701171875,641.8506469726562
8,7689,img_07689.jpg,1576.4088134765625,637.0512084960938
8,7690,img_07690.jpg,1576.94140625,637.7324829101562
8,7692,img_07692.jpg,1575.8873291015625,632.7996215820312
8,7693,img_07693.jpg,1578.14306640625,632.2265625
8,7695,img_07695.jpg,1581.816162109375,632.3084716796875
8,7696,img_07696.jpg,1582.8929443359375,633.34423828125
8,7698,img_07698.jpg,1584.963623046875,637.9139404296875
8,7699,img_07699.jpg,1587.0596923828125,638.2308349609375
8,7701,img_07701.jpg,1587.9052734375,638.8448486328125
8,7702,img_07702.jpg,1593.3826904296875,631.5125732421875
8,7704,img_07704.jpg,1596.735595703125,635.0889282226562
8,7705,img_07705.jpg,1600.65283203125,634.6640625
8,7707,img_07707.jpg,1609.1083984375,635.0276489257812
8,7708,img_07708.jpg,1612.77685546875,630.7896118164062
8,7710,img_07710.jpg,1618.2421875,630.8648071289062
8,7711,img_07711.jpg,1620.42236328125,630.0401611328125
8,7713,img_07713.jpg,1618.083984375,629.4154052734375
8,7714,img_07714.jpg,1619.6370849609375,630.7001342773438
8,7716,img_07716.jpg,1624.015869140625,632.5186767578125
8,7717,img_07717.jpg,1631.144287109375,634.138427734375
8,7719,img_07719.jpg,1635.56787109375,633.371337890625
8,7720,img_07720.jpg,1634.52294921875,637.63818359375
8,7722,img_07722.jpg,1648.8167724609375,632.6284790039062
8,7723,img_07723.jpg,1661.035400390625,631.4852294921875
8,7725,img_07725.jpg,1677.118408203125,634.2628784179688
8,7726,img_07726.jpg,1684.337646484375,633.65380859375
8,7728,img_07728.jpg,1707.9364013671875,631.8779296875
8,7729,img_07729.jpg,1717.563720703125,635.1034545898438
8,7731,img_07731.jpg,1730.170166015625,640.7578125
8,7732,img_07732.jpg,1745.24267578125,641.2014770507812
8,7734,img_07734.jpg,1765.348388671875,640.9257202148438
8,7735,img_07735.jpg,1771.533935546875,642.9751586914062
8,7737,img_07737.jpg,1779.279296875,642.0197143554688
8,7738,img_07738.jpg,1785.5980224609375,641.7109375
8,7740,img_07740.jpg,1798.43408203125,647.9405517578125
8,7741,img_07741.jpg,1805.744873046875,645.6175537109375
8,7743,img_07743.jpg,1814.18994140625,650.1615600585938
8,7744,img_07744.jpg,1817.7996826171875,650.8836669921875
8,7746,img_07746.jpg,1825.46533203125,657.3489379882812
8,7747,img_07747.jpg,1833.49267578125,660.5676879882812
8,7749,img_07749.jpg,1848.319091796875,659.287353515625
8,7750,img_07750.jpg,1855.044677734375,663.5407104492188
8,7752,img_07752.jpg,1873.7786865234375,669.2716064453125
8,7753,img_07753.jpg,1884.8836669921875,670.1949462890625
8,7755,img_07755.jpg,1898.6414794921875,664.1959228515625
8,7756,img_07756.jpg,1909.111328125,666.341796875
8,7758,img_07758.jpg,1922.842529296875,673.5147705078125
8,7759,img_07759.jpg,1930.5941162109375,677.6834716796875
8,7761,img_07761.jpg,1961.281005859375,688.763427734375
8,7762,img_07762.jpg,1986.5087890625,704.247314453125
8,7764,img_07764.jpg,2058.919189453125,718.693115234375
8,7765,img_07765.jpg,2111.68603515625,727.4962158203125
8,7767,img_07767.jpg,2248.0263671875,734.8449096679688
8,7768,img_07768.jpg,2328.44189453125,738.3109130859375
8,7770,img_07770.jpg,2515.86181640625,748.8641357421875
8,7771,img_07771.jpg,2623.4453125,750.1316528320312
8,7773,img_07773.jpg,2864.314453125,762.3675537109375
8,7774,img_07774.jpg,2999.4287109375,767.1124267578125
8,7776,img_07776.jpg,3308.0849609375,778.9337158203125
8,7777,img_07777.jpg,3462.005126953125,782.7976684570312
8,7779,img_07779.jpg,3825.740234375,808.3143310546875
9,7260,img_07260.jpg,2290.058837890625,99.15019226074219
9,7261,img_07261.jpg,2288.643310546875,132.34042358398438
9,7263,img_07263.jpg,2286.723876953125,195.53439331054688
9,7264,img_07264.jpg,2282.261962890625,225.03353881835938
9,7266,img_07266.jpg,2281.50830078125,276.2640075683594
9,7267,img_07267.jpg,2275.8125,301.4637756347656
9,7269,img_07269.jpg,2271.365234375,356.5849609375
9,7270,img_07270.jpg,2264.84521484375,384.54656982421875
9,7272,img_07272.jpg,2259.64990234375,432.2791748046875
9,7273,img_07273.jpg,2266.5556640625,452.0771484375
9,7275,img_07275.jpg,2259.025390625,490.1710510253906
9,7276,img_07276.jpg,2267.77392578125,511.43359375
9,7278,img_07278.jpg,2257.828125,537.1537475585938
9,7279,img_07279.jpg,2267.1640625,553.385986328125
9,7281,img_07281.jpg,2258.01904296875,582.6900634765625
9,7282,img_07282.jpg,2267.340576171875,601.4910888671875
9,7284,img_07284.jpg,2263.931396484375,634.0921630859375
9,7285,img_07285.jpg,2271.940673828125,649.99658203125
9,7287,img_07287.jpg,2273.467041015625,671.8119506835938
9,7288,img_07288.jpg,2276.10888671875,676.3952026367188
9,7290,img_07290.jpg,2272.632080078125,679.283447265625
9,7291,img_07291.jpg,2268.689453125,679.0277099609375
9,7293,img_07293.jpg,2262.928955078125,681.700439453125
9,7294,img_07294.jpg,2261.34033203125,683.4974365234375
9,7296,img_07296.jpg,2256.983154296875,686.8618774414062
9,7297,img_07297.jpg,2255.703369140625,689.23876953125
9,7299,img_07299.jpg,2254.52197265625,696.227783203125
9,7300,img_07300.jpg,2252.47607421875,696.951904296875
9,7302,img_07302.jpg,2245.56396484375,702.8116455078125
9,7303,img_07303.jpg,2237.9453125,703.169189453125
9,7305,img_07305.jpg,2227.7451171875,698.7705688476562
9,7306,img_07306.jpg,2225.4482421875,698.7643432617188
9,7308,img_07308.jpg,2218.5048828125,699.569091796875
9,7309,img_07309.jpg,2210.676513671875,701.650390625
9,7311,img_07311.jpg,2199.30712890625,694.96044921875
9,7312,img_07312.jpg,2187.426025390625,689.3322143554688
9,7314,img_07314.jpg,2158.89501953125,680.4395141601562
9,7315,img_07315.jpg,2152.806640625,685.8756103515625
9,7317,img_07317.jpg,2112.641357421875,691.4500122070312
9,7318,img_07318.jpg,2099.536376953125,700.6982421875
9,7320,img_07320.jpg,2063.62548828125,717.8857421875
9,7321,img_07321.jpg,2038.1396484375,727.6083984375
9,7323,img_07323.jpg,1995.8338623046875,740.43017578125
9,7324,img_07324.jpg,1973.1337890625,743.2249145507812
9,7326,img_07326.jpg,1933.8564453125,738.4583740234375
9,7327,img_07327.jpg,1914.3193359375,740.4613037109375
9,7329,img_07329.jpg,1874.465087890625,730.3038940429688
9,7330,img_07330.jpg,1851.674072265625,728.7354736328125
9,7332,img_07332.jpg,1807.0740966796875,727.2738647460938
9,7333,img_07333.jpg,1776.876953125,728.06298828125
9,7335,img_07335.jpg,1737.0615234375,746.517333984375
9,7336,img_07336.jpg,1708.788330078125,756.0985107421875
9,7338,img_07338.jpg,1670.1044921875,770.7109375
9,7339,img_07339.jpg,1635.470703125,773.7828369140625
9,7341,img_07341.jpg,1588.0426025390625,772.8477172851562
9,7342,img_07342.jpg,1573.705322265625,768.8642578125
9,7344,img_07344.jpg,1523.572021484375,763.83251953125
9,7345,img_07345.jpg,1497.2186279296875,760.072998046875
9,7347,img_07347.jpg,1454.6634521484375,757.5686645507812
9,7348,img_07348.jpg,1438.76708984375,757.760009765625
9,7350,img_07350.jpg,1397.908447265625,762.2352294921875
9,7351,img_07351.jpg,1382.4859619140625,762.86865234375
9,7353,img_07353.jpg,1349.144775390625,760.765869140625
9,7354,img_07354.jpg,1338.2169189453125,760.0103759765625
9,7356,img_07356.jpg,1310.12158203125,748.392578125
9,7357,img_07357.jpg,1302.2235107421875,742.8043212890625
9,7359,img_07359.jpg,1282.970458984375,738.3865356445312
9,7360,img_07360.jpg,1275.2645263671875,738.29150390625
9,7362,img_07362.jpg,1263.409912109375,737.0057373046875
9,7363,img_07363.jpg,1261.58544921875,740.4384765625
9,7365,img_07365.jpg,1255.3587646484375,755.8189697265625
9,7366,img_07366.jpg,1252.222900390625,759.5089111328125
9,7368,img_07368.jpg,1249.5855712890625,755.2037353515625
9,7369,img_07369.jpg,1243.1522216796875,748.246826171875
9,7371,img_07371.jpg,1247.46240234375,740.1304321289062
9,7372,img_07372.jpg,1244.7269287109375,741.7451171875
9,7374,img_07374.jpg,1243.4462890625,740.1531982421875
9,7375,img_07375.jpg,1243.1064453125,739.1497802734375
9,7377,img_07377.jpg,1240.48779296875,736.49755859375
9,7378,img_07378.jpg,1238.875244140625,737.1373901367188
9,7380,img_07380.jpg,1227.088623046875,734.9774780273438
9,7381,img_07381.jpg,1219.6806640625,736.1694946289062
9,7383,img_07383.jpg,1204.642578125,737.4321899414062
9,7384,img_07384.jpg,1198.9886474609375,735.4854736328125
9,7386,img_07386.jpg,1194.606689453125,732.552978515625
9,7387,img_07387.jpg,1189.8673095703125,720.0576782226562
9,7389,img_07389.jpg,1177.17529296875,713.8193359375
9,7390,img_07390.jpg,1175.7554931640625,710.1480102539062
9,7392,img_07392.jpg,1172.846435546875,699.7670288085938
9,7393,img_07393.jpg,1171.5804443359375,694.9087524414062
9,7395,img_07395.jpg,1174.7022705078125,689.0814208984375
9,7396,img_07396.jpg,1176.1197509765625,685.951904296875
9,7398,img_07398.jpg,1180.3746337890625,682.0947875976562
9,7399,img_07399.jpg,1182.9305419921875,681.002685546875
9,7401,img_07401.jpg,1181.40771484375,677.8374633789062
9,7402,img_07402.jpg,1178.910888671875,676.5603637695312
9,7404,img_07404.jpg,1173.38037109375,673.409423828125
9,7405,img_07405.jpg,1171.630615234375,672.5480346679688
9,7407,img_07407.jpg,1166.7734375,669.3753662109375
9,7408,img_07408.jpg,1166.0303955078125,666.9481811523438
9,7410,img_07410.jpg,1171.5843505859375,660.6363525390625
9,7411,img_07411.jpg,1174.2060546875,658.0018310546875
9,7413,img_07413.jpg,1178.04150390625,645.3643188476562
9,7414,img_07414.jpg,1180.596435546875,639.8013916015625
9,7416,img_07416.jpg,1180.7181396484375,633.1954345703125
9,7417,img_07417.jpg,1178.2528076171875,633.2540283203125
9,7419,img_07419.jpg,1172.0916748046875,626.4049072265625
9,7420,img_07420.jpg,1166.108154296875,624.6073608398438
9,7422,img_07422.jpg,1159.444580078125,609.4835205078125
9,7423,img_07423.jpg,1155.709228515625,601.5159301757812
9,7425,img_07425.jpg,1145.752197265625,587.1265869140625
9,7426,img_07426.jpg,1148.241455078125,587.6347045898438
9,7428,img_07428.jpg,1145.510498046875,586.1747436523438
9,7429,img_07429.jpg,1142.355224609375,586.54150390625
9,7431,img_07431.jpg,1137.0047607421875,587.4993896484375
9,7432,img_07432.jpg,1133.292724609375,588.0905151367188
9,7434,img_07434.jpg,1127.183837890625,591.693115234375
9,7435,img_07435.jpg,1127.0035400390625,591.61474609375
9,7437,img_07437.jpg,1124.6165771484375,590.50048828125
9,7438,img_07438.jpg,1124.7655029296875,589.2479248046875
9,7440,img_07440.jpg,1130.6983642578125,584.49853515625
9,7441,img_07441.jpg,1132.8734130859375,582.6863403320312
9,7443,img_07443.jpg,1141.090576171875,583.9532470703125
9,7444,img_07444.jpg,1144.3343505859375,580.24462890625
9,7446,img_07446.jpg,1152.177490234375,564.612548828125
9,7447,img_07447.jpg,1150.9830322265625,560.2867431640625
9,7449,img_07449.jpg,1163.1881103515625,555.8095703125
9,7450,img_07450.jpg,1167.9852294921875,554.35302734375
9,7452,img_07452.jpg,1182.9705810546875,547.0897216796875
9,7453,img_07453.jpg,1187.093994140625,547.7537231445312
9,7455,img_07455.jpg,1200.218994140625,549.046630859375
9,7456,img_07456.jpg,1206.525390625,547.1979370117188
9,7458,img_07458.jpg,1225.53173828125,540.4586181640625
9,7459,img_07459.jpg,1232.411376953125,540.6348876953125
9,7461,img_07461.jpg,1242.02978515625,540.5311889648438
9,7462,img_07462.jpg,1245.640869140625,541.7760620117188
9,7464,img_07464.jpg,1251.36669921875,545.864501953125
9,7465,img_07465.jpg,1254.3935546875,547.9434814453125
9,7467,img_07467.jpg,1255.760498046875,549.4895629882812
9,7468,img_07468.jpg,1254.458740234375,550.181884765625
9,7470,img_07470.jpg,1249.667236328125,549.6174926757812
9,7471,img_07471.jpg,1246.5321044921875,547.96142578125
9,7473,img_07473.jpg,1238.87158203125,545.9893188476562
9,7474,img_07474.jpg,1228.98291015625,545.0326538085938
9,7476,img_07476.jpg,1203.5010986328125,547.1094360351562
9,7477,img_07477.jpg,1195.85791015625,544.6424560546875
9,7479,img_07479.jpg,1168.15576171875,545.8408203125
9,7480,img_07480.jpg,1157.3558349609375,552.1629028320312
9,7482,img_07482.jpg,1138.6009521484375,549.5245361328125
9,7483,img_07483.jpg,1131.5062255859375,552.4610595703125
9,7485,img_07485.jpg,1124.89404296875,552.4948120117188
9,7486,img_07486.jpg,1124.2862548828125,553.9636840820312
9,7488,img_07488.jpg,1128.407470703125,556.2581787109375
9,7489,img_07489.jpg,1136.2763671875,558.661865234375
9,7491,img_07491.jpg,1146.22021484375,563.0181884765625
9,7492,img_07492.jpg,1147.523681640625,564.0764770507812
9,7494,img_07494.jpg,1178.7889404296875,566.2142333984375
9,7495,img_07495.jpg,1181.6666259765625,571.838134765625
9,7497,img_07497.jpg,1200.796630859375,570.3114013671875
9,7498,img_07498.jpg,1219.0357666015625,568.1507568359375
9,7500,img_07500.jpg,1238.3089599609375,579.0205078125
9,7501,img_07501.jpg,1245.2762451171875,577.901611328125
9,7503,img_07503.jpg,1270.369140625,577.165771484375
9,7504,img_07504.jpg,1276.4844970703125,582.7410278320312
9,7506,img_07506.jpg,1292.3516845703125,586.0506591796875
9,7507,img_07507.jpg,1298.234375,588.464599609375
9,7509,img_07509.jpg,1321.6866455078125,583.376220703125
9,7510,img_07510.jpg,1324.834228515625,586.1824340820312
9,7512,img_07512.jpg,1342.874755859375,587.8452758789062
9,7513,img_07513.jpg,1344.0546875,591.3790283203125
9,7515,img_07515.jpg,1360.5391845703125,588.9824829101562
9,7516,img_07516.jpg,1372.1256103515625,590.4307861328125
9,7518,img_07518.jpg,1392.075439453125,591.1956176757812
9,7519,img_07519.jpg,1394.373291015625,593.03955078125
9,7521,img_07521.jpg,1416.333984375,586.92236328125
9,7522,img_07522.jpg,1429.782470703125,586.7015991210938
9,7524,img_07524.jpg,1439.7215576171875,588.1282958984375
9,7525,img_07525.jpg,1445.1046142578125,584.6765747070312
9,7527,img_07527.jpg,1469.2945556640625,577.2843627929688
9,7528,img_07528.jpg,1470.714599609375,582.1114501953125
9,7530,img_07530.jpg,1477.096435546875,576.0914306640625
9,7531,img_07531.jpg,1483.7764892578125,577.8834838867188
9,7533,img_07533.jpg,1488.70361328125,577.9118041992188
9,7534,img_07534.jpg,1494.0609130859375,577.6666870117188
9,7536,img_07536.jpg,1506.165771484375,572.5728759765625
9,7537,img_07537.jpg,1506.79296875,572.52001953125
9,7539,img_07539.jpg,1508.212158203125,571.4821166992188
9,7540,img_07540.jpg,1506.32177734375,571.91552734375
9,7542,img_07542.jpg,1494.479736328125,577.0515747070312
9,7543,img_07543.jpg,1492.677490234375,579.6929321289062
9,7545,img_07545.jpg,1488.791748046875,593.091552734375
9,7546,img_07546.jpg,1491.998779296875,598.8267822265625
9,7548,img_07548.jpg,1479.681396484375,611.7316284179688
9,7549,img_07549.jpg,1485.2442626953125,623.1580810546875
9,7551,img_07551.jpg,1476.55224609375,630.5574951171875
9,7552,img_07552.jpg,1480.6495361328125,635.1126098632812
9,7554,img_07554.jpg,1471.0970458984375,639.2163696289062
9,7555,img_07555.jpg,1469.1669921875,641.7228393554688
9,7557,img_07557.jpg,1454.9114990234375,645.9210205078125
9,7558,img_07558.jpg,1448.89599609375,649.3751220703125
9,7560,img_07560.jpg,1433.5517578125,653.3800048828125
9,7561,img_07561.jpg,1424.7833251953125,655.134765625
9,7563,img_07563.jpg,1388.62841796875,660.4855346679688
9,7564,img_07564.jpg,1372.81787109375,658.4349365234375
9,7566,img_07566.jpg,1329.53955078125,655.433349609375
9,7567,img_07567.jpg,1300.2822265625,659.3480834960938
9,7569,img_07569.jpg,1247.9193115234375,645.2693481445312
9,7570,img_07570.jpg,1219.7889404296875,640.4191284179688
9,7572,img_07572.jpg,1169.9844970703125,631.1683959960938
9,7573,img_07573.jpg,1151.55517578125,634.7835693359375
9,7575,img_07575.jpg,1100.376220703125,630.9732666015625
9,7576,img_07576.jpg,1089.558349609375,637.4544677734375
9,7578,img_07578.jpg,1048.1904296875,634.620361328125
9,7579,img_07579.jpg,1040.821044921875,633.7064819335938
9,7581,img_07581.jpg,1009.1160888671875,636.6409912109375
9,7582,img_07582.jpg,1001.6387329101562,637.4610595703125
9,7584,img_07584.jpg,991.954345703125,640.1929321289062
9,7585,img_07585.jpg,987.4404296875,640.6978149414062
9,7587,img_07587.jpg,985.9773559570312,642.8688354492188
9,7588,img_07588.jpg,987.1292724609375,642.2841796875
9,7590,img_07590.jpg,992.9827880859375,640.3763427734375
9,7591,img_07591.jpg,995.9057006835938,641.1798095703125
9,7593,img_07593.jpg,1001.9197998046875,639.5722045898438
9,7594,img_07594.jpg,1004.568603515625,638.3944091796875
9,7596,img_07596.jpg,1011.52490234375,634.130859375
9,7597,img_07597.jpg,1009.2581176757812,630.6212158203125
9,7599,img_07599.jpg,1012.1160888671875,628.9571533203125
9,7600,img_07600.jpg,1015.5054931640625,630.1683959960938
9,7602,img_07602.jpg,1017.0614013671875,631.3076171875
9,7603,img_07603.jpg,1019.8260498046875,631.5870971679688
9,7605,img_07605.jpg,1027.3516845703125,629.55126953125
9,7606,img_07606.jpg,1028.536376953125,626.70458984375
9,7608,img_07608.jpg,1035.6226806640625,618.3524780273438
9,7609,img_07609.jpg,1043.2615966796875,613.7874755859375
9,7611,img_07611.jpg,1052.6053466796875,605.9354248046875
9,7612,img_07612.jpg,1055.321044921875,602.9002075195312
9,7614,img_07614.jpg,1060.89892578125,600.2932739257812
9,7615,img_07615.jpg,1065.2716064453125,600.3599243164062
9,7617,img_07617.jpg,1074.822509765625,602.597412109375
9,7618,img_07618.jpg,1083.9671630859375,602.4666748046875
9,7620,img_07620.jpg,1094.3992919921875,597.8994750976562
9,7621,img_07621.jpg,1103.314697265625,596.0093994140625
9,7623,img_07623.jpg,1106.97802734375,598.1431884765625
9,7624,img_07624.jpg,1114.8944091796875,601.1406860351562
9,7626,img_07626.jpg,1125.734130859375,609.2948608398438
9,7627,img_07627.jpg,1130.2822265625,611.59423828125
9,7629,img_07629.jpg,1141.5914306640625,615.80615234375
9,7630,img_07630.jpg,1143.9649658203125,615.7449951171875
9,7632,img_07632.jpg,1147.3353271484375,613.037353515625
9,7633,img_07633.jpg,1150.695556640625,607.2546997070312
9,7635,img_07635.jpg,1151.44189453125,597.9451293945312
9,7636,img_07636.jpg,1150.9429931640625,593.4750366210938
9,7638,img_07638.jpg,1145.083984375,589.773193359375
9,7639,img_07639.jpg,1144.7591552734375,585.4715576171875
9,7641,img_07641.jpg,1137.988525390625,572.0384521484375
9,7642,img_07642.jpg,1131.446533203125,569.7783813476562
9,7644,img_07644.jpg,1125.4505615234375,563.181396484375
9,7645,img_07645.jpg,1122.65966796875,560.5150756835938
9,7647,img_07647.jpg,1118.15869140625,558.415771484375
9,7648,img_07648.jpg,1119.8984375,557.1035766601562
9,7650,img_07650.jpg,1116.8265380859375,550.6069946289062
9,7651,img_07651.jpg,1115.856689453125,546.734375
9,7653,img_07653.jpg,1113.730712890625,540.3119506835938
9,7654,img_07654.jpg,1110.4039306640625,535.86962890625
9,7656,img_07656.jpg,1102.494384765625,528.811279296875
9,7657,img_07657.jpg,1097.0008544921875,526.4486694335938
9,7659,img_07659.jpg,1063.011962890625,528.8483276367188
9,7660,img_07660.jpg,1054.87744140625,533.9607543945312
9,7662,img_07662.jpg,1011.8757934570312,533.6898803710938
9,7663,img_07663.jpg,994.4730224609375,534.5524291992188
9,7665,img_07665.jpg,965.5405883789062,535.97802734375
9,7666,img_07666.jpg,952.6367797851562,534.4818115234375
9,7668,img_07668.jpg,937.9676513671875,533.9083862304688
9,7669,img_07669.jpg,921.29345703125,540.796630859375
9,7671,img_07671.jpg,912.2982788085938,544.167724609375
9,7672,img_07672.jpg,903.4527587890625,547.4955444335938
9,7674,img_07674.jpg,887.79541015625,558.5172729492188
9,7675,img_07675.jpg,873.8123779296875,571.3812866210938
9,7677,img_07677.jpg,859.2442016601562,578.3662719726562
9,7678,img_07678.jpg,852.1751708984375,579.9806518554688
9,7680,img_07680.jpg,849.4524536132812,585.3772583007812
9,7681,img_07681.jpg,851.6256103515625,584.715087890625
9,7683,img_07683.jpg,845.5283203125,588.9089965820312
9,7684,img_07684.jpg,845.066162109375,590.0007934570312
9,7686,img_07686.jpg,847.2009887695312,595.4022216796875
9,7687,img_07687.jpg,845.4730224609375,594.2060546875
9,7689,img_07689.jpg,841.5194091796875,587.843505859375
9,7690,img_07690.jpg,842.2486572265625,586.5479125976562
9,7692,img_07692.jpg,846.2283325195312,582.1087646484375
9,7693,img_07693.jpg,847.37158203125,581.64892578125
9,7695,img_07695.jpg,847.7605590820312,585.7063598632812
9,7696,img_07696.jpg,851.15966796875,583.7642822265625
9,7698,img_07698.jpg,853.9302978515625,585.6297607421875
9,7699,img_07699.jpg,855.4588623046875,587.1402587890625
9,7701,img_07701.jpg,859.4199829101562,589.123779296875
9,7702,img_07702.jpg,862.00830078125,590.2084350585938
9,7704,img_07704.jpg,860.4263916015625,591.7265625
9,7705,img_07705.jpg,862.412109375,591.3615112304688
9,7707,img_07707.jpg,866.8690185546875,591.67578125
9,7708,img_07708.jpg,869.037109375,590.274658203125
9,7710,img_07710.jpg,875.1793212890625,588.2277221679688
9,7711,img_07711.jpg,883.9072265625,585.11572265625
9,7713,img_07713.jpg,886.8936767578125,581.5244140625
9,7714,img_07714.jpg,889.9185791015625,582.1121826171875
9,7716,img_07716.jpg,895.2544555664062,583.8262939453125
9,7717,img_07717.jpg,893.1578979492188,585.648681640625
9,7719,img_07719.jpg,902.7837524414062,589.4876098632812
9,7720,img_07720.jpg,907.84765625,590.7959594726562
9,7722,img_07722.jpg,914.1717529296875,592.9080200195312
9,7723,img_07723.jpg,921.18505859375,592.1755981445312
9,7725,img_07725.jpg,942.5267333984375,587.4366455078125
9,7726,img_07726.jpg,955.7659912109375,589.2244873046875
9,7728,img_07728.jpg,971.5916748046875,592.39111328125
9,7729,img_07729.jpg,989.556396484375,591.283935546875
9,7731,img_07731.jpg,1011.8776245117188,598.9725952148438
9,7732,img_07732.jpg,1020.720703125,600.5479125976562
9,7734,img_07734.jpg,1041.0799560546875,597.3782958984375
9,7735,img_07735.jpg,1050.6544189453125,596.8814697265625
9,7737,img_07737.jpg,1062.92919921875,601.7745361328125
9,7738,img_07738.jpg,1068.9173583984375,603.5130004882812
9,7740,img_07740.jpg,1083.778076171875,601.233154296875
9,7741,img_07741.jpg,1090.7794189453125,602.1978149414062
9,7743,img_07743.jpg,1098.6376953125,606.606689453125
9,7744,img_07744.jpg,1103.183837890625,607.1727294921875
9,7746,img_07746.jpg,1111.924560546875,615.1592407226562
9,7747,img_07747.jpg,1125.0556640625,615.6854858398438
9,7749,img_07749.jpg,1144.304443359375,621.840087890625
9,7750,img_07750.jpg,1152.299072265625,629.0443725585938
9,7752,img_07752.jpg,1166.9237060546875,628.5066528320312
9,7753,img_07753.jpg,1182.3377685546875,621.8756103515625
9,7755,img_07755.jpg,1198.704833984375,629.9736938476562
9,7756,img_07756.jpg,1201.0538330078125,624.3005981445312
9,7758,img_07758.jpg,1217.7064208984375,629.21240234375
9,7759,img_07759.jpg,1228.796142578125,629.1103515625
9,7761,img_07761.jpg,1257.38623046875,649.3424072265625
9,7762,img_07762.jpg,1289.796142578125,654.969970703125
9,7764,img_07764.jpg,1374.621826171875,670.0413818359375
9,7765,img_07765.jpg,1425.43994140625,677.634765625
9,7767,img_07767.jpg,1568.8056640625,687.9710693359375
9,7768,img_07768.jpg,1661.469482421875,692.8343505859375
9,7770,img_07770.jpg,1886.116943359375,701.522705078125
15,7854,img_07854.jpg,14.097129821777344,308.4774475097656
15,7855,img_07855.jpg,88.3967514038086,315.85015869140625
15,7857,img_07857.jpg,294.3201904296875,321.31488037109375
15,7858,img_07858.jpg,402.9533386230469,324.755615234375
15,7860,img_07860.jpg,629.70361328125,332.568115234375
15,7861,img_07861.jpg,750.9034423828125,333.35015869140625
15,7863,img_07863.jpg,1003.9344482421875,338.4661560058594
15,7864,img_07864.jpg,1132.5416259765625,332.10601806640625
15,7866,img_07866.jpg,1399.18017578125,317.19879150390625
15,7867,img_07867.jpg,1521.5386962890625,312.53778076171875
15,7869,img_07869.jpg,1752.5225830078125,302.6920166015625
15,7870,img_07870.jpg,1856.216552734375,300.10394287109375
15,7872,img_07872.jpg,2047.775390625,299.8531188964844
15,7873,img_07873.jpg,2137.535400390625,300.8038330078125
15,7875,img_07875.jpg,2287.44775390625,301.947021484375
15,7876,img_07876.jpg,2355.176025390625,302.8775329589844
15,7878,img_07878.jpg,2472.50732421875,303.706787109375
15,7879,img_07879.jpg,2522.511474609375,302.8235778808594
15,7881,img_07881.jpg,2613.180908203125,299.082763671875
15,7882,img_07882.jpg,2651.5322265625,297.041748046875
15,7884,img_07884.jpg,2720.69580078125,297.5473327636719
15,7885,img_07885.jpg,2752.10888671875,296.99285888671875
15,7887,img_07887.jpg,2805.908935546875,296.585205078125
15,7888,img_07888.jpg,2832.90283203125,296.0221862792969
15,7890,img_07890.jpg,2873.340087890625,297.44189453125
15,7891,img_07891.jpg,2893.55029296875,294.4564514160156
15,7893,img_07893.jpg,2929.029052734375,287.88153076171875
15,7894,img_07894.jpg,2949.25732421875,281.03363037109375
15,7896,img_07896.jpg,2974.710205078125,272.78009033203125
15,7897,img_07897.jpg,2989.00244140625,269.0596923828125
15,7899,img_07899.jpg,3011.852783203125,266.9782409667969
15,7900,img_07900.jpg,3022.603515625,269.44879150390625
15,7902,img_07902.jpg,3049.44189453125,277.47906494140625
15,7903,img_07903.jpg,3053.74462890625,280.471435546875
15,7905,img_07905.jpg,3062.28173828125,291.29071044921875
15,7906,img_07906.jpg,3066.443359375,293.7060546875
15,7908,img_07908.jpg,3070.552001953125,296.5157165527344
15,7909,img_07909.jpg,3071.33837890625,296.6453857421875
15,7911,img_07911.jpg,3073.905029296875,296.21966552734375
15,7912,img_07912.jpg,3070.880859375,298.8082275390625
15,7914,img_07914.jpg,3065.44287109375,296.30279541015625
15,7915,img_07915.jpg,3061.634765625,295.8187255859375
15,7917,img_07917.jpg,3055.66748046875,292.2314758300781
15,7918,img_07918.jpg,3050.92578125,290.6099548339844
15,7920,img_07920.jpg,3041.06884765625,294.2573547363281
15,7921,img_07921.jpg,3034.5224609375,295.3369445800781
15,7923,img_07923.jpg,3018.323486328125,307.89508056640625
15,7924,img_07924.jpg,3017.07177734375,314.8841552734375
15,7926,img_07926.jpg,3012.06689453125,323.0341796875
15,7927,img_07927.jpg,3004.15966796875,329.5368347167969
15,7929,img_07929.jpg,2993.275390625,337.3955383300781
15,7930,img_07930.jpg,2990.03369140625,341.69329833984375
15,7932,img_07932.jpg,2986.462890625,342.9582824707031
15,7933,img_07933.jpg,2985.358154296875,343.4446105957031
15,7935,img_07935.jpg,2984.05029296875,343.4005126953125
15,7936,img_07936.jpg,2984.553955078125,345.5440979003906
15,7938,img_07938.jpg,2989.67041015625,352.37176513671875
15,7939,img_07939.jpg,2994.86181640625,357.5999450683594
15,7941,img_07941.jpg,3011.12109375,363.1068420410156
15,7942,img_07942.jpg,3023.44091796875,363.5567626953125
15,7944,img_07944.jpg,3050.1044921875,373.0887451171875
15,7945,img_07945.jpg,3055.4677734375,375.8699951171875
15,7947,img_07947.jpg,3077.4423828125,387.29180908203125
15,7948,img_07948.jpg,3091.6328125,383.3960266113281
15,7950,img_07950.jpg,3117.0,380.2065124511719
15,7951,img_07951.jpg,3131.633056640625,376.2637023925781
15,7953,img_07953.jpg,3157.48291015625,375.8771667480469
15,7954,img_07954.jpg,3171.13037109375,378.01776123046875
15,7956,img_07956.jpg,3197.50537109375,382.05474853515625
15,7957,img_07957.jpg,3210.27978515625,389.133544921875
15,7959,img_07959.jpg,3234.8349609375,395.62109375
15,7960,img_07960.jpg,3245.671142578125,401.3599548339844
15,7962,img_07962.jpg,3277.50732421875,403.68487548828125
15,7963,img_07963.jpg,3287.480712890625,406.3376770019531
15,7965,img_07965.jpg,3322.99609375,403.2539978027344
15,7966,img_07966.jpg,3338.379638671875,401.63031005859375
15,7968,img_07968.jpg,3380.455810546875,404.8164367675781
15,7969,img_07969.jpg,3406.11962890625,410.2200622558594
15,7971,img_07971.jpg,3458.6484375,416.57293701171875
15,7972,img_07972.jpg,3472.330078125,417.35546875
15,7974,img_07974.jpg,3519.72314453125,431.0719299316406
15,7975,img_07975.jpg,3545.408203125,433.1788330078125
15,7977,img_07977.jpg,3600.532470703125,446.2882080078125
15,7978,img_07978.jpg,3626.486572265625,455.551025390625
15,7980,img_07980.jpg,3683.493896484375,471.8925476074219
15,7981,img_07981.jpg,3706.10693359375,474.6003112792969
15,7983,img_07983.jpg,3772.365234375,492.7308349609375
16,8406,img_08406.jpg,62.645050048828125,471.6214599609375
16,8407,img_08407.jpg,123.29934692382812,480.547119140625
16,8409,img_08409.jpg,231.78268432617188,487.1654052734375
16,8410,img_08410.jpg,286.3760070800781,491.7210388183594
16,8412,img_08412.jpg,390.58544921875,490.1366271972656
16,8413,img_08413.jpg,440.9462890625,490.2396240234375
16,8415,img_08415.jpg,535.559326171875,490.1135559082031
16,8416,img_08416.jpg,582.3223266601562,490.35400390625
16,8418,img_08418.jpg,679.394775390625,489.41351318359375
16,8419,img_08419.jpg,729.7890625,489.8143310546875
16,8421,img_08421.jpg,831.715087890625,488.11181640625
16,8422,img_08422.jpg,883.5955810546875,487.5010986328125
16,8424,img_08424.jpg,988.854736328125,488.7371520996094
16,8425,img_08425.jpg,1040.6837158203125,490.41693115234375
16,8427,img_08427.jpg,1139.273193359375,492.7623291015625
16,8428,img_08428.jpg,1189.28759765625,495.81878662109375
16,8430,img_08430.jpg,1290.1767578125,504.7196960449219
16,8431,img_08431.jpg,1337.66748046875,507.3931884765625
16,8433,img_08433.jpg,1434.2281494140625,515.5675048828125
16,8434,img_08434.jpg,1479.1644287109375,519.4898681640625
16,8436,img_08436.jpg,1568.9761962890625,525.5869140625
16,8437,img_08437.jpg,1615.45556640625,529.1111450195312
16,8439,img_08439.jpg,1708.2718505859375,535.0217895507812
16,8440,img_08440.jpg,1754.819091796875,538.738525390625
16,8442,img_08442.jpg,1834.3818359375,521.4960327148438
16,8443,img_08443.jpg,1871.446533203125,512.97021484375
16,8445,img_08445.jpg,1944.068115234375,505.046630859375
16,8446,img_08446.jpg,1971.25439453125,505.5489807128906
16,8448,img_08448.jpg,2025.0322265625,519.2288208007812
16,8449,img_08449.jpg,2046.7525634765625,528.2879638671875
16,8451,img_08451.jpg,2088.992431640625,545.7256469726562
16,8452,img_08452.jpg,2100.166015625,551.3103637695312
16,8454,img_08454.jpg,2125.19287109375,563.6692504882812
16,8455,img_08455.jpg,2139.21875,566.9481811523438
16,8457,img_08457.jpg,2158.537841796875,568.0863647460938
16,8458,img_08458.jpg,2168.988037109375,569.410400390625
16,8460,img_08460.jpg,2188.505126953125,569.3819580078125
16,8461,img_08461.jpg,2201.34326171875,567.5205688476562
16,8463,img_08463.jpg,2218.053955078125,571.9149780273438
16,8464,img_08464.jpg,2231.311279296875,582.36669921875
16,8466,img_08466.jpg,2250.456298828125,586.5869140625
16,8467,img_08467.jpg,2257.382568359375,587.73291015625
16,8469,img_08469.jpg,2273.39697265625,594.477294921875
16,8470,img_08470.jpg,2278.703125,598.5777587890625
16,8472,img_08472.jpg,2289.43798828125,598.5836791992188
16,8473,img_08473.jpg,2290.760498046875,600.28515625
16,8475,img_08475.jpg,2297.21044921875,596.2819213867188
16,8476,img_08476.jpg,2299.631103515625,596.8193969726562
16,8478,img_08478.jpg,2300.5087890625,602.36767578125
16,8479,img_08479.jpg,2300.955322265625,603.9081420898438
16,8481,img_08481.jpg,2296.7451171875,598.3873901367188
16,8482,img_08482.jpg,2294.41650390625,597.0203247070312
16,8484,img_08484.jpg,2291.4384765625,606.4788818359375
16,8485,img_08485.jpg,2289.06591796875,614.7452392578125
16,8487,img_08487.jpg,2281.56201171875,624.6182861328125
16,8488,img_08488.jpg,2269.982177734375,626.3740234375
16,8490,img_08490.jpg,2258.751953125,627.0370483398438
16,8491,img_08491.jpg,2253.537109375,627.7673950195312
16,8493,img_08493.jpg,2242.299072265625,625.4264526367188
16,8494,img_08494.jpg,2238.63330078125,624.7542724609375
16,8496,img_08496.jpg,2237.166015625,629.281005859375
16,8497,img_08497.jpg,2223.0712890625,628.6886596679688
16,8499,img_08499.jpg,2222.287109375,635.88916015625
16,8500,img_08500.jpg,2218.782958984375,636.2129516601562
16,8502,img_08502.jpg,2212.312744140625,639.8778686523438
16,8503,img_08503.jpg,2207.130615234375,640.8973999023438
16,8505,img_08505.jpg,2204.5771484375,639.2894287109375
16,8506,img_08506.jpg,2206.1708984375,639.748046875
16,8508,img_08508.jpg,2209.70458984375,638.49755859375
16,8509,img_08509.jpg,2210.127685546875,637.5704345703125
16,8511,img_08511.jpg,2211.67236328125,634.4503173828125
16,8512,img_08512.jpg,2211.0341796875,628.924560546875
16,8514,img_08514.jpg,2210.9072265625,613.2230224609375
16,8515,img_08515.jpg,2211.377197265625,609.3974609375
16,8517,img_08517.jpg,2213.591796875,602.4548950195312
16,8518,img_08518.jpg,2212.998779296875,601.2825317382812
16,8520,img_08520.jpg,2211.718505859375,600.3375244140625
16,8521,img_08521.jpg,2210.94189453125,600.14599609375
16,8523,img_08523.jpg,2208.02294921875,598.8898315429688
16,8524,img_08524.jpg,2206.48291015625,598.8163452148438
16,8526,img_08526.jpg,2202.440673828125,596.4384155273438
16,8527,img_08527.jpg,2199.2734375,595.5042114257812
16,8529,img_08529.jpg,2194.465576171875,577.3408813476562
16,8530,img_08530.jpg,2194.429931640625,563.3091430664062
16,8532,img_08532.jpg,2187.892822265625,529.3404541015625
16,8533,img_08533.jpg,2179.109130859375,508.9380798339844
16,8535,img_08535.jpg,2167.48095703125,459.16949462890625
16,8536,img_08536.jpg,2165.920166015625,434.283935546875
16,8538,img_08538.jpg,2154.541259765625,385.2418212890625
16,8539,img_08539.jpg,2149.5966796875,356.13153076171875
16,8541,img_08541.jpg,2142.044921875,300.7374572753906
16,8542,img_08542.jpg,2139.9619140625,278.4610290527344
16,8544,img_08544.jpg,2127.790283203125,210.56375122070312
16,8545,img_08545.jpg,2119.56494140625,181.65914916992188
16,8547,img_08547.jpg,2104.048828125,140.4440460205078
16,8548,img_08548.jpg,2097.6025390625,128.4678497314453
16,8550,img_08550.jpg,2082.3212890625,116.61322021484375
16,8551,img_08551.jpg,2071.578125,114.71533203125
16,8553,img_08553.jpg,2049.902587890625,113.42550659179688
16,8554,img_08554.jpg,2041.6307373046875,116.4009017944336
16,8556,img_08556.jpg,2023.60302734375,106.75462341308594
16,8557,img_08557.jpg,2011.067626953125,98.71139526367188
16,8559,img_08559.jpg,2004.472900390625,79.70042419433594
16,8560,img_08560.jpg,2004.344482421875,69.38729858398438
17,8412,img_08412.jpg,447.84637451171875,2099.795654296875
17,8413,img_08413.jpg,497.8689880371094,2089.58447265625
17,8415,img_08415.jpg,594.1915283203125,2080.023681640625
17,8416,img_08416.jpg,641.2361450195312,2070.46826171875
17,8418,img_08418.jpg,736.9847412109375,2058.7998046875
17,8419,img_08419.jpg,786.3944091796875,2053.02294921875
17,8421,img_08421.jpg,895.3515625,2043.9818115234375
17,8422,img_08422.jpg,939.8585205078125,2033.2646484375
17,8424,img_08424.jpg,1043.8599853515625,2017.633056640625
17,8425,img_08425.jpg,1096.669677734375,2012.99658203125
17,8427,img_08427.jpg,1198.61083984375,2003.0408935546875
17,8428,img_08428.jpg,1248.063232421875,1999.0279541015625
17,8430,img_08430.jpg,1343.29931640625,1992.450439453125
17,8431,img_08431.jpg,1386.4298095703125,1985.3624267578125
17,8433,img_08433.jpg,1480.64453125,1975.1092529296875
17,8434,img_08434.jpg,1525.9364013671875,1972.358642578125
17,8436,img_08436.jpg,1618.9508056640625,1966.20556640625
17,8437,img_08437.jpg,1661.8798828125,1960.5791015625
17,8439,img_08439.jpg,1759.9581298828125,1953.0062255859375
17,8440,img_08440.jpg,1802.453857421875,1946.783447265625
17,8442,img_08442.jpg,1881.28857421875,1917.6947021484375
17,8443,img_08443.jpg,1922.9044189453125,1908.60888671875
17,8445,img_08445.jpg,1985.22314453125,1892.9776611328125
17,8446,img_08446.jpg,2017.074951171875,1890.64697265625
17,8448,img_08448.jpg,2067.616455078125,1891.92724609375
17,8449,img_08449.jpg,2091.2578125,1898.61669921875
17,8451,img_08451.jpg,2129.234130859375,1908.236572265625
17,8452,img_08452.jpg,2136.6865234375,1909.53466796875
17,8454,img_08454.jpg,2165.567138671875,1916.5052490234375
17,8455,img_08455.jpg,2176.512451171875,1913.59033203125
17,8457,img_08457.jpg,2189.811767578125,1917.7086181640625
17,8458,img_08458.jpg,2210.659423828125,1916.3433837890625
17,8460,img_08460.jpg,2230.45703125,1906.747802734375
17,8461,img_08461.jpg,2240.85009765625,1906.2548828125
17,8463,img_08463.jpg,2260.686279296875,1910.311767578125
17,8464,img_08464.jpg,2268.406494140625,1915.5062255859375
17,8466,img_08466.jpg,2282.025390625,1924.71484375
17,8467,img_08467.jpg,2292.4169921875,1928.730224609375
17,8469,img_08469.jpg,2308.805908203125,1926.671630859375
17,8470,img_08470.jpg,2314.4736328125,1933.15380859375
17,8472,img_08472.jpg,2325.50048828125,1934.585693359375
17,8473,img_08473.jpg,2328.012939453125,1934.224609375
17,8475,img_08475.jpg,2333.246826171875,1931.114013671875
17,8476,img_08476.jpg,2336.40283203125,1932.133544921875
17,8478,img_08478.jpg,2336.20947265625,1936.376953125
17,8479,img_08479.jpg,2334.48681640625,1936.480224609375
17,8481,img_08481.jpg,2331.491455078125,1932.8741455078125
17,8482,img_08482.jpg,2330.5673828125,1933.937744140625
17,8484,img_08484.jpg,2329.306884765625,1941.208984375
17,8485,img_08485.jpg,2324.355224609375,1947.172119140625
17,8487,img_08487.jpg,2311.96044921875,1960.9677734375
17,8488,img_08488.jpg,2307.701416015625,1963.0462646484375
17,8490,img_08490.jpg,2291.751953125,1974.29248046875
17,8491,img_08491.jpg,2285.206298828125,1972.975830078125
17,8493,img_08493.jpg,2278.498779296875,1967.73291015625
17,8494,img_08494.jpg,2274.674072265625,1968.794189453125
17,8496,img_08496.jpg,2267.29833984375,1974.73779296875
17,8497,img_08497.jpg,2263.232177734375,1976.456787109375
17,8499,img_08499.jpg,2257.54541015625,1986.24462890625
17,8500,img_08500.jpg,2252.568359375,1990.813232421875
17,8502,img_08502.jpg,2247.271240234375,1998.252197265625
17,8503,img_08503.jpg,2239.67138671875,1997.31494140625
17,8505,img_08505.jpg,2238.2998046875,1996.4765625
17,8506,img_08506.jpg,2239.17138671875,1995.075439453125
17,8508,img_08508.jpg,2242.155517578125,1992.325927734375
17,8509,img_08509.jpg,2247.88525390625,1991.7030029296875
17,8511,img_08511.jpg,2244.09765625,1984.607421875
17,8512,img_08512.jpg,2245.104736328125,1977.8580322265625
17,8514,img_08514.jpg,2252.628173828125,1954.5985107421875
17,8515,img_08515.jpg,2251.466796875,1946.60546875
17,8517,img_08517.jpg,2252.104248046875,1940.2694091796875
17,8518,img_08518.jpg,2252.509765625,1936.0740966796875
17,8520,img_08520.jpg,2247.9951171875,1932.957275390625
17,8521,img_08521.jpg,2246.950439453125,1931.449951171875
17,8523,img_08523.jpg,2243.91162109375,1927.9947509765625
17,8524,img_08524.jpg,2240.834228515625,1924.7523193359375
17,8526,img_08526.jpg,2239.135009765625,1919.738525390625
17,8527,img_08527.jpg,2233.175537109375,1911.5234375
17,8529,img_08529.jpg,2229.615966796875,1892.5703125
17,8530,img_08530.jpg,2225.4765625,1876.95703125
17,8532,img_08532.jpg,2218.576171875,1840.832763671875
17,8533,img_08533.jpg,2212.6328125,1818.62890625
17,8535,img_08535.jpg,2206.733642578125,1773.1951904296875
17,8536,img_08536.jpg,2201.369384765625,1748.98291015625
17,8538,img_08538.jpg,2185.953857421875,1699.09423828125
17,8539,img_08539.jpg,2184.98388671875,1665.1806640625
17,8541,img_08541.jpg,2179.300048828125,1611.45068359375
17,8542,img_08542.jpg,2171.344482421875,1584.5643310546875
17,8544,img_08544.jpg,2162.04736328125,1523.9725341796875
17,8545,img_08545.jpg,2156.09375,1500.8720703125
17,8547,img_08547.jpg,2134.792236328125,1459.2474365234375
17,8548,img_08548.jpg,2132.06494140625,1448.232177734375
17,8550,img_08550.jpg,2113.1484375,1438.846435546875
17,8551,img_08551.jpg,2104.47705078125,1444.7991943359375
17,8553,img_08553.jpg,2085.82177734375,1439.2532958984375
17,8554,img_08554.jpg,2075.3681640625,1441.3597412109375
17,8556,img_08556.jpg,2051.32958984375,1434.06201171875
17,8557,img_08557.jpg,2040.3043212890625,1419.3089599609375
17,8559,img_08559.jpg,2025.30419921875,1387.1328125
17,8560,img_08560.jpg,2016.001708984375,1362.21875
17,8562,img_08562.jpg,1993.333251953125,1314.7724609375
17,8563,img_08563.jpg,1983.54052734375,1286.80029296875
17,8565,img_08565.jpg,1957.507080078125,1235.997314453125
17,8566,img_08566.jpg,1944.88623046875,1209.146728515625
17,8568,img_08568.jpg,1931.696533203125,1145.009033203125
17,8569,img_08569.jpg,1924.1845703125,1110.5572509765625
17,8571,img_08571.jpg,1911.263427734375,1042.133544921875
17,8572,img_08572.jpg,1900.3927001953125,1002.5494995117188
17,8574,img_08574.jpg,1890.6676025390625,916.5357055664062
17,8575,img_08575.jpg,1885.98291015625,871.607177734375
17,8577,img_08577.jpg,1876.1671142578125,771.3356323242188
17,8578,img_08578.jpg,1872.4581298828125,727.1748046875
17,8580,img_08580.jpg,1860.427001953125,640.88623046875
17,8581,img_08581.jpg,1849.331787109375,597.7525634765625
17,8583,img_08583.jpg,1850.9263916015625,507.8038330078125
17,8584,img_08584.jpg,1849.364990234375,464.7474060058594
17,8586,img_08586.jpg,1845.879638671875,372.4366455078125
17,8587,img_08587.jpg,1843.284912109375,323.55487060546875
17,8589,img_08589.jpg,1838.1082763671875,228.20037841796875
17,8590,img_08590.jpg,1833.96142578125,178.85397338867188
17,8592,img_08592.jpg,1824.6923828125,84.15911865234375
17,8593,img_08593.jpg,1829.067138671875,61.476139068603516
1,8896,img_08896.jpg,2177.1845703125,2082.672607421875
1,8898,img_08898.jpg,2175.14404296875,1979.235107421875
1,8899,img_08899.jpg,2176.55517578125,1921.230712890625
1,8901,img_08901.jpg,2179.36767578125,1808.1837158203125
1,8902,img_08902.jpg,2176.283447265625,1750.6240234375
1,8904,img_08904.jpg,2177.18359375,1630.66943359375
1,8905,img_08905.jpg,2184.895751953125,1568.95703125
1,8907,img_08907.jpg,2183.658935546875,1449.28125
1,8908,img_08908.jpg,2183.2978515625,1388.597900390625
1,8910,img_08910.jpg,2187.13134765625,1268.66455078125
1,8911,img_08911.jpg,2187.104248046875,1195.957275390625
1,8913,img_08913.jpg,2190.7314453125,1055.386474609375
1,8914,img_08914.jpg,2194.81298828125,983.559814453125
1,8916,img_08916.jpg,2201.95849609375,832.3002319335938
1,8917,img_08917.jpg,2206.532470703125,761.9082641601562
1,8919,img_08919.jpg,2212.989013671875,616.3878173828125
1,8920,img_08920.jpg,2216.203369140625,546.6273193359375
1,8922,img_08922.jpg,2227.923828125,403.60552978515625
1,8923,img_08923.jpg,2230.666015625,329.0118408203125
1,8925,img_08925.jpg,2247.89111328125,174.399169921875
1,8926,img_08926.jpg,2247.44970703125,93.08407592773438
0,8916,img_08916.jpg,2186.4951171875,2088.4404296875
0,8917,img_08917.jpg,2192.56494140625,2030.6444091796875
0,8919,img_08919.jpg,2198.491943359375,1890.812255859375
0,8920,img_08920.jpg,2197.2353515625,1816.9464111328125
0,8922,img_08922.jpg,2213.38623046875,1679.3367919921875
0,8923,img_08923.jpg,2219.21728515625,1604.64599609375
0,8925,img_08925.jpg,2232.349609375,1446.8861083984375
0,8926,img_08926.jpg,2239.0029296875,1370.9869384765625
0,8928,img_08928.jpg,2251.3251953125,1204.558837890625
0,8929,img_08929.jpg,2262.097412109375,1124.50830078125
0,8931,img_08931.jpg,2281.22216796875,956.9920654296875
0,8932,img_08932.jpg,2288.014892578125,878.4097900390625
0,8934,img_08934.jpg,2308.338623046875,716.44482421875
0,8935,img_08935.jpg,2319.29345703125,627.488525390625
0,8937,img_08937.jpg,2338.10693359375,449.8050842285156
0,8938,img_08938.jpg,2346.396240234375,366.3309631347656
0,8940,img_08940.jpg,2365.421875,198.10476684570312
0,8941,img_08941.jpg,2375.74169921875,108.13414764404297
20,8934,img_08934.jpg,2359.30908203125,1992.1995849609375
21,8935,img_08935.jpg,2374.7685546875,1901.63720703125
22,8937,img_08937.jpg,2383.91162109375,1735.1334228515625
23,8938,img_08938.jpg,2400.50146484375,1645.749755859375
24,8940,img_08940.jpg,2416.9638671875,1471.91748046875
25,8941,img_08941.jpg,2424.135009765625,1383.9991455078125
26,8943,img_08943.jpg,2427.20947265625,1221.132568359375
27,8944,img_08944.jpg,2441.643310546875,1132.8507080078125
28,8946,img_08946.jpg,2448.66748046875,968.9027709960938
29,8947,img_08947.jpg,2448.56201171875,884.3486938476562
